transaction_date,store_location,month,day_of_week,is_weekend,shift,shift_num,total_cups,total_revenue,prev_revenue,prev_cups
2023-01-01,Astoria,1,Sunday,1,Morning,1,31,98.9,0.0,0.0
2023-01-01,Astoria,1,Sunday,1,Afternoon,2,156,466.35,98.9,31.0
2023-01-01,Astoria,1,Sunday,1,Evening,3,90,303.15,466.35,156.0
2023-01-02,Astoria,1,Monday,0,Morning,1,38,112.3,303.15,90.0
2023-01-02,Astoria,1,Monday,0,Afternoon,2,163,503.85,112.3,38.0
2023-01-02,Astoria,1,Monday,0,Evening,3,100,309.35,503.85,163.0
2023-01-03,Astoria,1,Tuesday,0,Morning,1,35,109.7,309.35,100.0
2023-01-03,Astoria,1,Tuesday,0,Afternoon,2,166,522.3,109.7,35.0
2023-01-03,Astoria,1,Tuesday,0,Evening,3,86,270.75,522.3,166.0
2023-01-04,Astoria,1,Wednesday,0,Morning,1,23,72.4,270.75,86.0
2023-01-04,Astoria,1,Wednesday,0,Afternoon,2,158,483.45,72.4,23.0
2023-01-04,Astoria,1,Wednesday,0,Evening,3,81,252.4,483.45,158.0
2023-01-05,Astoria,1,Thursday,0,Morning,1,16,52.05,252.4,81.0
2023-01-05,Astoria,1,Thursday,0,Afternoon,2,183,568.65,52.05,16.0
2023-01-05,Astoria,1,Thursday,0,Evening,3,86,282.35,568.65,183.0
2023-01-06,Astoria,1,Friday,0,Morning,1,19,62.5,282.35,86.0
2023-01-06,Astoria,1,Friday,0,Afternoon,2,123,404.75,62.5,19.0
2023-01-06,Astoria,1,Friday,0,Evening,3,82,248.8,404.75,123.0
2023-01-07,Astoria,1,Saturday,1,Morning,1,100,322.15,248.8,82.0
2023-01-07,Astoria,1,Saturday,1,Afternoon,2,95,297.9,322.15,100.0
2023-01-07,Astoria,1,Saturday,1,Evening,3,62,187.25,297.9,95.0
2023-01-08,Astoria,1,Sunday,1,Morning,1,79,271.9,187.25,62.0
2023-01-08,Astoria,1,Sunday,1,Afternoon,2,90,291.8,271.9,79.0
2023-01-08,Astoria,1,Sunday,1,Evening,3,58,229.45,291.8,90.0
2023-01-09,Astoria,1,Monday,0,Morning,1,146,523.13,229.45,58.0
2023-01-09,Astoria,1,Monday,0,Afternoon,2,40,167.18,523.13,146.0
2023-01-09,Astoria,1,Monday,0,Evening,3,22,83.7,167.18,40.0
2023-01-10,Astoria,1,Tuesday,0,Morning,1,220,666.95,83.7,22.0
2023-01-10,Astoria,1,Tuesday,0,Afternoon,2,58,192.35,666.95,220.0
2023-01-10,Astoria,1,Tuesday,0,Evening,3,27,87.7,192.35,58.0
2023-01-11,Astoria,1,Wednesday,0,Morning,1,152,474.5,87.7,27.0
2023-01-11,Astoria,1,Wednesday,0,Afternoon,2,38,132.25,474.5,152.0
2023-01-11,Astoria,1,Wednesday,0,Evening,3,39,133.4,132.25,38.0
2023-01-12,Astoria,1,Thursday,0,Morning,1,133,441.95,133.4,39.0
2023-01-12,Astoria,1,Thursday,0,Afternoon,2,33,106.0,441.95,133.0
2023-01-12,Astoria,1,Thursday,0,Evening,3,40,112.75,106.0,33.0
2023-01-13,Astoria,1,Friday,0,Morning,1,162,461.0,112.75,40.0
2023-01-13,Astoria,1,Friday,0,Afternoon,2,41,114.7,461.0,162.0
2023-01-13,Astoria,1,Friday,0,Evening,3,43,130.1,114.7,41.0
2023-01-14,Astoria,1,Saturday,1,Morning,1,141,518.1,130.1,43.0
2023-01-14,Astoria,1,Saturday,1,Afternoon,2,42,166.5,518.1,141.0
2023-01-14,Astoria,1,Saturday,1,Evening,3,30,79.1,166.5,42.0
2023-01-15,Astoria,1,Sunday,1,Morning,1,233,753.63,79.1,30.0
2023-01-15,Astoria,1,Sunday,1,Afternoon,2,69,260.25,753.63,233.0
2023-01-15,Astoria,1,Sunday,1,Evening,3,63,335.05,260.25,69.0
2023-01-16,Astoria,1,Monday,0,Morning,1,200,628.78,335.05,63.0
2023-01-16,Astoria,1,Monday,0,Afternoon,2,68,235.8,628.78,200.0
2023-01-16,Astoria,1,Monday,0,Evening,3,51,162.75,235.8,68.0
2023-01-17,Astoria,1,Tuesday,0,Morning,1,207,717.7,162.75,51.0
2023-01-17,Astoria,1,Tuesday,0,Afternoon,2,51,186.45,717.7,207.0
2023-01-17,Astoria,1,Tuesday,0,Evening,3,39,171.25,186.45,51.0
2023-01-18,Astoria,1,Wednesday,0,Morning,1,207,758.3,171.25,39.0
2023-01-18,Astoria,1,Wednesday,0,Afternoon,2,57,181.53,758.3,207.0
2023-01-18,Astoria,1,Wednesday,0,Evening,3,31,124.2,181.53,57.0
2023-01-19,Astoria,1,Thursday,0,Morning,1,220,753.53,124.2,31.0
2023-01-19,Astoria,1,Thursday,0,Afternoon,2,54,157.45,753.53,220.0
2023-01-19,Astoria,1,Thursday,0,Evening,3,39,168.4,157.45,54.0
2023-01-20,Astoria,1,Friday,0,Morning,1,123,448.0,168.4,39.0
2023-01-20,Astoria,1,Friday,0,Afternoon,2,54,252.95,448.0,123.0
2023-01-20,Astoria,1,Friday,0,Evening,3,38,170.48,252.95,54.0
2023-01-21,Astoria,1,Saturday,1,Morning,1,161,591.9,170.48,38.0
2023-01-21,Astoria,1,Saturday,1,Afternoon,2,43,172.95,591.9,161.0
2023-01-21,Astoria,1,Saturday,1,Evening,3,61,227.5,172.95,43.0
2023-01-22,Astoria,1,Sunday,1,Morning,1,97,299.95,227.5,61.0
2023-01-22,Astoria,1,Sunday,1,Afternoon,2,94,295.95,299.95,97.0
2023-01-22,Astoria,1,Sunday,1,Evening,3,49,146.9,295.95,94.0
2023-01-23,Astoria,1,Monday,0,Morning,1,112,357.2,146.9,49.0
2023-01-23,Astoria,1,Monday,0,Afternoon,2,118,370.6,357.2,112.0
2023-01-23,Astoria,1,Monday,0,Evening,3,62,200.5,370.6,118.0
2023-01-24,Astoria,1,Tuesday,0,Morning,1,118,376.35,200.5,62.0
2023-01-24,Astoria,1,Tuesday,0,Afternoon,2,114,352.45,376.35,118.0
2023-01-24,Astoria,1,Tuesday,0,Evening,3,60,193.25,352.45,114.0
2023-01-25,Astoria,1,Wednesday,0,Morning,1,135,405.8,193.25,60.0
2023-01-25,Astoria,1,Wednesday,0,Afternoon,2,111,327.25,405.8,135.0
2023-01-25,Astoria,1,Wednesday,0,Evening,3,68,208.95,327.25,111.0
2023-01-26,Astoria,1,Thursday,0,Morning,1,123,383.15,208.95,68.0
2023-01-26,Astoria,1,Thursday,0,Afternoon,2,134,403.8,383.15,123.0
2023-01-26,Astoria,1,Thursday,0,Evening,3,51,152.3,403.8,134.0
2023-01-27,Astoria,1,Friday,0,Morning,1,94,290.8,152.3,51.0
2023-01-27,Astoria,1,Friday,0,Afternoon,2,100,312.55,290.8,94.0
2023-01-27,Astoria,1,Friday,0,Evening,3,79,235.2,312.55,100.0
2023-01-28,Astoria,1,Saturday,1,Morning,1,109,312.1,235.2,79.0
2023-01-28,Astoria,1,Saturday,1,Afternoon,2,79,250.95,312.1,109.0
2023-01-28,Astoria,1,Saturday,1,Evening,3,56,170.2,250.95,79.0
2023-01-29,Astoria,1,Sunday,1,Morning,1,100,317.95,170.2,56.0
2023-01-29,Astoria,1,Sunday,1,Afternoon,2,115,359.9,317.95,100.0
2023-01-29,Astoria,1,Sunday,1,Evening,3,46,142.85,359.9,115.0
2023-01-30,Astoria,1,Monday,0,Morning,1,109,378.05,142.85,46.0
2023-01-30,Astoria,1,Monday,0,Afternoon,2,88,337.6,378.05,109.0
2023-01-30,Astoria,1,Monday,0,Evening,3,45,154.95,337.6,88.0
2023-01-31,Astoria,1,Tuesday,0,Morning,1,120,458.09999999999997,154.95,45.0
2023-01-31,Astoria,1,Tuesday,0,Afternoon,2,61,215.95,458.09999999999997,120.0
2023-01-31,Astoria,1,Tuesday,0,Evening,3,38,127.45,215.95,61.0
2023-02-01,Astoria,2,Wednesday,0,Morning,1,23,71.4,127.45,38.0
2023-02-01,Astoria,2,Wednesday,0,Afternoon,2,173,517.45,71.4,23.0
2023-02-01,Astoria,2,Wednesday,0,Evening,3,76,244.85,517.45,173.0
2023-02-02,Astoria,2,Thursday,0,Morning,1,22,71.4,244.85,76.0
2023-02-02,Astoria,2,Thursday,0,Afternoon,2,176,556.7,71.4,22.0
2023-02-02,Astoria,2,Thursday,0,Evening,3,104,316.7,556.7,176.0
2023-02-03,Astoria,2,Friday,0,Morning,1,28,85.25,316.7,104.0
2023-02-03,Astoria,2,Friday,0,Afternoon,2,191,593.4,85.25,28.0
2023-02-03,Astoria,2,Friday,0,Evening,3,82,261.55,593.4,191.0
2023-02-04,Astoria,2,Saturday,1,Morning,1,31,100.85,261.55,82.0
2023-02-04,Astoria,2,Saturday,1,Afternoon,2,168,510.35,100.85,31.0
2023-02-04,Astoria,2,Saturday,1,Evening,3,72,214.75,510.35,168.0
2023-02-05,Astoria,2,Sunday,1,Morning,1,28,85.75,214.75,72.0
2023-02-05,Astoria,2,Sunday,1,Afternoon,2,174,537.65,85.75,28.0
2023-02-05,Astoria,2,Sunday,1,Evening,3,81,247.85,537.65,174.0
2023-02-06,Astoria,2,Monday,0,Morning,1,17,55.65,247.85,81.0
2023-02-06,Astoria,2,Monday,0,Afternoon,2,121,382.7,55.65,17.0
2023-02-06,Astoria,2,Monday,0,Evening,3,71,217.0,382.7,121.0
2023-02-07,Astoria,2,Tuesday,0,Morning,1,104,330.45,217.0,71.0
2023-02-07,Astoria,2,Tuesday,0,Afternoon,2,85,263.15,330.45,104.0
2023-02-07,Astoria,2,Tuesday,0,Evening,3,66,210.7,263.15,85.0
2023-02-08,Astoria,2,Wednesday,0,Morning,1,94,297.15,210.7,66.0
2023-02-08,Astoria,2,Wednesday,0,Afternoon,2,109,409.1,297.15,94.0
2023-02-08,Astoria,2,Wednesday,0,Evening,3,60,222.55,409.1,109.0
2023-02-09,Astoria,2,Thursday,0,Morning,1,155,518.75,222.55,60.0
2023-02-09,Astoria,2,Thursday,0,Afternoon,2,44,264.7,518.75,155.0
2023-02-09,Astoria,2,Thursday,0,Evening,3,26,83.35,264.7,44.0
2023-02-10,Astoria,2,Friday,0,Morning,1,210,616.65,83.35,26.0
2023-02-10,Astoria,2,Friday,0,Afternoon,2,62,175.3,616.65,210.0
2023-02-10,Astoria,2,Friday,0,Evening,3,25,76.05,175.3,62.0
2023-02-11,Astoria,2,Saturday,1,Morning,1,142,439.15,76.05,25.0
2023-02-11,Astoria,2,Saturday,1,Afternoon,2,48,156.15,439.15,142.0
2023-02-11,Astoria,2,Saturday,1,Evening,3,22,74.75,156.15,48.0
2023-02-12,Astoria,2,Sunday,1,Morning,1,145,481.8,74.75,22.0
2023-02-12,Astoria,2,Sunday,1,Afternoon,2,39,131.55,481.8,145.0
2023-02-12,Astoria,2,Sunday,1,Evening,3,23,67.25,131.55,39.0
2023-02-13,Astoria,2,Monday,0,Morning,1,134,405.1,67.25,23.0
2023-02-13,Astoria,2,Monday,0,Afternoon,2,48,140.55,405.1,134.0
2023-02-13,Astoria,2,Monday,0,Evening,3,30,96.25,140.55,48.0
2023-02-14,Astoria,2,Tuesday,0,Morning,1,149,531.85,96.25,30.0
2023-02-14,Astoria,2,Tuesday,0,Afternoon,2,28,117.8,531.85,149.0
2023-02-14,Astoria,2,Tuesday,0,Evening,3,33,97.4,117.8,28.0
2023-02-15,Astoria,2,Wednesday,0,Morning,1,250,830.45,97.4,33.0
2023-02-15,Astoria,2,Wednesday,0,Afternoon,2,70,224.15,830.45,250.0
2023-02-15,Astoria,2,Wednesday,0,Evening,3,55,200.35,224.15,70.0
2023-02-16,Astoria,2,Thursday,0,Morning,1,205,708.6,200.35,55.0
2023-02-16,Astoria,2,Thursday,0,Afternoon,2,70,254.65,708.6,205.0
2023-02-16,Astoria,2,Thursday,0,Evening,3,66,228.05,254.65,70.0
2023-02-17,Astoria,2,Friday,0,Morning,1,196,616.05,228.05,66.0
2023-02-17,Astoria,2,Friday,0,Afternoon,2,63,220.8,616.05,196.0
2023-02-17,Astoria,2,Friday,0,Evening,3,39,130.75,220.8,63.0
2023-02-18,Astoria,2,Saturday,1,Morning,1,210,713.53,130.75,39.0
2023-02-18,Astoria,2,Saturday,1,Afternoon,2,59,229.5,713.53,210.0
2023-02-18,Astoria,2,Saturday,1,Evening,3,28,126.5,229.5,59.0
2023-02-19,Astoria,2,Sunday,1,Morning,1,223,781.45,126.5,28.0
2023-02-19,Astoria,2,Sunday,1,Afternoon,2,71,239.0,781.45,223.0
2023-02-19,Astoria,2,Sunday,1,Evening,3,48,143.95,239.0,71.0
2023-02-20,Astoria,2,Monday,0,Morning,1,132,479.3,143.95,48.0
2023-02-20,Astoria,2,Monday,0,Afternoon,2,42,154.7,479.3,132.0
2023-02-20,Astoria,2,Monday,0,Evening,3,35,126.23,154.7,42.0
2023-02-21,Astoria,2,Tuesday,0,Morning,1,158,564.43,126.23,35.0
2023-02-21,Astoria,2,Tuesday,0,Afternoon,2,40,189.2,564.43,158.0
2023-02-21,Astoria,2,Tuesday,0,Evening,3,40,116.85,189.2,40.0
2023-02-22,Astoria,2,Wednesday,0,Morning,1,130,406.5,116.85,40.0
2023-02-22,Astoria,2,Wednesday,0,Afternoon,2,128,405.25,406.5,130.0
2023-02-22,Astoria,2,Wednesday,0,Evening,3,76,225.75,405.25,128.0
2023-02-23,Astoria,2,Thursday,0,Morning,1,119,377.75,225.75,76.0
2023-02-23,Astoria,2,Thursday,0,Afternoon,2,106,331.8,377.75,119.0
2023-02-23,Astoria,2,Thursday,0,Evening,3,58,194.95,331.8,106.0
2023-02-24,Astoria,2,Friday,0,Morning,1,114,368.6,194.95,58.0
2023-02-24,Astoria,2,Friday,0,Afternoon,2,126,422.0,368.6,114.0
2023-02-24,Astoria,2,Friday,0,Evening,3,63,196.3,422.0,126.0
2023-02-25,Astoria,2,Saturday,1,Morning,1,117,350.6,196.3,63.0
2023-02-25,Astoria,2,Saturday,1,Afternoon,2,97,294.55,350.6,117.0
2023-02-25,Astoria,2,Saturday,1,Evening,3,52,168.4,294.55,97.0
2023-02-26,Astoria,2,Sunday,1,Morning,1,123,379.4,168.4,52.0
2023-02-26,Astoria,2,Sunday,1,Afternoon,2,139,429.4,379.4,123.0
2023-02-26,Astoria,2,Sunday,1,Evening,3,75,222.1,429.4,139.0
2023-02-27,Astoria,2,Monday,0,Morning,1,129,402.7,222.1,75.0
2023-02-27,Astoria,2,Monday,0,Afternoon,2,94,298.5,402.7,129.0
2023-02-27,Astoria,2,Monday,0,Evening,3,78,230.65,298.5,94.0
2023-02-28,Astoria,2,Tuesday,0,Morning,1,110,325.15,230.65,78.0
2023-02-28,Astoria,2,Tuesday,0,Afternoon,2,75,224.65,325.15,110.0
2023-02-28,Astoria,2,Tuesday,0,Evening,3,90,293.1,224.65,75.0
2023-03-01,Astoria,3,Wednesday,0,Morning,1,41,127.75,293.1,90.0
2023-03-01,Astoria,3,Wednesday,0,Afternoon,2,178,532.9,127.75,41.0
2023-03-01,Astoria,3,Wednesday,0,Evening,3,109,360.45,532.9,178.0
2023-03-02,Astoria,3,Thursday,0,Morning,1,37,113.3,360.45,109.0
2023-03-02,Astoria,3,Thursday,0,Afternoon,2,196,613.1,113.3,37.0
2023-03-02,Astoria,3,Thursday,0,Evening,3,119,362.0,613.1,196.0
2023-03-03,Astoria,3,Friday,0,Morning,1,50,158.05,362.0,119.0
2023-03-03,Astoria,3,Friday,0,Afternoon,2,210,657.8,158.05,50.0
2023-03-03,Astoria,3,Friday,0,Evening,3,111,344.5,657.8,210.0
2023-03-04,Astoria,3,Saturday,1,Morning,1,25,82.35,344.5,111.0
2023-03-04,Astoria,3,Saturday,1,Afternoon,2,214,656.65,82.35,25.0
2023-03-04,Astoria,3,Saturday,1,Evening,3,89,269.75,656.65,214.0
2023-03-05,Astoria,3,Sunday,1,Morning,1,34,96.9,269.75,89.0
2023-03-05,Astoria,3,Sunday,1,Afternoon,2,188,583.0,96.9,34.0
2023-03-05,Astoria,3,Sunday,1,Evening,3,133,417.25,583.0,188.0
2023-03-06,Astoria,3,Monday,0,Morning,1,23,68.7,417.25,133.0
2023-03-06,Astoria,3,Monday,0,Afternoon,2,133,426.3,68.7,23.0
2023-03-06,Astoria,3,Monday,0,Evening,3,75,237.75,426.3,133.0
2023-03-07,Astoria,3,Tuesday,0,Morning,1,132,419.95,237.75,75.0
2023-03-07,Astoria,3,Tuesday,0,Afternoon,2,97,304.05,419.95,132.0
2023-03-07,Astoria,3,Tuesday,0,Evening,3,64,197.3,304.05,97.0
2023-03-08,Astoria,3,Wednesday,0,Morning,1,122,439.28,197.3,64.0
2023-03-08,Astoria,3,Wednesday,0,Afternoon,2,133,487.05,439.28,122.0
2023-03-08,Astoria,3,Wednesday,0,Evening,3,77,282.75,487.05,133.0
2023-03-09,Astoria,3,Thursday,0,Morning,1,162,574.35,282.75,77.0
2023-03-09,Astoria,3,Thursday,0,Afternoon,2,48,201.03,574.35,162.0
2023-03-09,Astoria,3,Thursday,0,Evening,3,39,133.45,201.03,48.0
2023-03-10,Astoria,3,Friday,0,Morning,1,194,593.45,133.45,39.0
2023-03-10,Astoria,3,Friday,0,Afternoon,2,92,284.8,593.45,194.0
2023-03-10,Astoria,3,Friday,0,Evening,3,41,202.95,284.8,92.0
2023-03-11,Astoria,3,Saturday,1,Morning,1,164,568.15,202.95,41.0
2023-03-11,Astoria,3,Saturday,1,Afternoon,2,72,245.9,568.15,164.0
2023-03-11,Astoria,3,Saturday,1,Evening,3,59,181.2,245.9,72.0
2023-03-12,Astoria,3,Sunday,1,Morning,1,127,440.58,181.2,59.0
2023-03-12,Astoria,3,Sunday,1,Afternoon,2,40,120.6,440.58,127.0
2023-03-12,Astoria,3,Sunday,1,Evening,3,35,102.95,120.6,40.0
2023-03-13,Astoria,3,Monday,0,Morning,1,189,563.8,102.95,35.0
2023-03-13,Astoria,3,Monday,0,Afternoon,2,66,200.0,563.8,189.0
2023-03-13,Astoria,3,Monday,0,Evening,3,27,82.3,200.0,66.0
2023-03-14,Astoria,3,Tuesday,0,Morning,1,163,582.5,82.3,27.0
2023-03-14,Astoria,3,Tuesday,0,Afternoon,2,43,181.85,582.5,163.0
2023-03-14,Astoria,3,Tuesday,0,Evening,3,51,202.2,181.85,43.0
2023-03-15,Astoria,3,Wednesday,0,Morning,1,283,966.05,202.2,51.0
2023-03-15,Astoria,3,Wednesday,0,Afternoon,2,77,285.2,966.05,283.0
2023-03-15,Astoria,3,Wednesday,0,Evening,3,38,166.2,285.2,77.0
2023-03-16,Astoria,3,Thursday,0,Morning,1,218,662.78,166.2,38.0
2023-03-16,Astoria,3,Thursday,0,Afternoon,2,78,264.35,662.78,218.0
2023-03-16,Astoria,3,Thursday,0,Evening,3,63,222.0,264.35,78.0
2023-03-17,Astoria,3,Friday,0,Morning,1,301,1064.85,222.0,63.0
2023-03-17,Astoria,3,Friday,0,Afternoon,2,72,219.75,1064.85,301.0
2023-03-17,Astoria,3,Friday,0,Evening,3,35,155.85,219.75,72.0
2023-03-18,Astoria,3,Saturday,1,Morning,1,239,783.08,155.85,35.0
2023-03-18,Astoria,3,Saturday,1,Afternoon,2,70,248.65,783.08,239.0
2023-03-18,Astoria,3,Saturday,1,Evening,3,44,175.85,248.65,70.0
2023-03-19,Astoria,3,Sunday,1,Morning,1,273,1018.95,175.85,44.0
2023-03-19,Astoria,3,Sunday,1,Afternoon,2,76,255.45,1018.95,273.0
2023-03-19,Astoria,3,Sunday,1,Evening,3,43,214.1,255.45,76.0
2023-03-20,Astoria,3,Monday,0,Morning,1,184,724.05,214.1,43.0
2023-03-20,Astoria,3,Monday,0,Afternoon,2,65,252.45,724.05,184.0
2023-03-20,Astoria,3,Monday,0,Evening,3,36,136.58,252.45,65.0
2023-03-21,Astoria,3,Tuesday,0,Morning,1,146,525.5,136.58,36.0
2023-03-21,Astoria,3,Tuesday,0,Afternoon,2,49,162.65,525.5,146.0
2023-03-21,Astoria,3,Tuesday,0,Evening,3,41,147.7,162.65,49.0
2023-03-22,Astoria,3,Wednesday,0,Morning,1,150,466.3,147.7,41.0
2023-03-22,Astoria,3,Wednesday,0,Afternoon,2,148,456.3,466.3,150.0
2023-03-22,Astoria,3,Wednesday,0,Evening,3,69,201.95,456.3,148.0
2023-03-23,Astoria,3,Thursday,0,Morning,1,112,365.5,201.95,69.0
2023-03-23,Astoria,3,Thursday,0,Afternoon,2,132,408.05,365.5,112.0
2023-03-23,Astoria,3,Thursday,0,Evening,3,84,287.0,408.05,132.0
2023-03-24,Astoria,3,Friday,0,Morning,1,143,456.05,287.0,84.0
2023-03-24,Astoria,3,Friday,0,Afternoon,2,132,415.1,456.05,143.0
2023-03-24,Astoria,3,Friday,0,Evening,3,80,252.05,415.1,132.0
2023-03-25,Astoria,3,Saturday,1,Morning,1,135,411.1,252.05,80.0
2023-03-25,Astoria,3,Saturday,1,Afternoon,2,122,373.7,411.1,135.0
2023-03-25,Astoria,3,Saturday,1,Evening,3,80,240.95,373.7,122.0
2023-03-26,Astoria,3,Sunday,1,Morning,1,169,516.2,240.95,80.0
2023-03-26,Astoria,3,Sunday,1,Afternoon,2,142,446.1,516.2,169.0
2023-03-26,Astoria,3,Sunday,1,Evening,3,80,246.35,446.1,142.0
2023-03-27,Astoria,3,Monday,0,Morning,1,162,511.7,246.35,80.0
2023-03-27,Astoria,3,Monday,0,Afternoon,2,119,374.9,511.7,162.0
2023-03-27,Astoria,3,Monday,0,Evening,3,79,237.4,374.9,119.0
2023-03-28,Astoria,3,Tuesday,0,Morning,1,137,404.65,237.4,79.0
2023-03-28,Astoria,3,Tuesday,0,Afternoon,2,116,364.6,404.65,137.0
2023-03-28,Astoria,3,Tuesday,0,Evening,3,59,185.5,364.6,116.0
2023-03-29,Astoria,3,Wednesday,0,Morning,1,130,409.0,185.5,59.0
2023-03-29,Astoria,3,Wednesday,0,Afternoon,2,120,361.4,409.0,130.0
2023-03-29,Astoria,3,Wednesday,0,Evening,3,67,208.4,361.4,120.0
2023-03-30,Astoria,3,Thursday,0,Morning,1,162,512.2,208.4,67.0
2023-03-30,Astoria,3,Thursday,0,Afternoon,2,85,275.8,512.2,162.0
2023-03-30,Astoria,3,Thursday,0,Evening,3,60,179.05,275.8,85.0
2023-03-31,Astoria,3,Friday,0,Morning,1,156,457.05,179.05,60.0
2023-03-31,Astoria,3,Friday,0,Afternoon,2,71,233.6,457.05,156.0
2023-03-31,Astoria,3,Friday,0,Evening,3,65,224.5,233.6,71.0
2023-04-01,Astoria,4,Saturday,1,Morning,1,51,150.3,224.5,65.0
2023-04-01,Astoria,4,Saturday,1,Afternoon,2,246,731.3,150.3,51.0
2023-04-01,Astoria,4,Saturday,1,Evening,3,136,434.9,731.3,246.0
2023-04-02,Astoria,4,Sunday,1,Morning,1,35,109.1,434.9,136.0
2023-04-02,Astoria,4,Sunday,1,Afternoon,2,235,739.1,109.1,35.0
2023-04-02,Astoria,4,Sunday,1,Evening,3,160,503.15,739.1,235.0
2023-04-03,Astoria,4,Monday,0,Morning,1,69,225.25,503.15,160.0
2023-04-03,Astoria,4,Monday,0,Afternoon,2,234,727.3,225.25,69.0
2023-04-03,Astoria,4,Monday,0,Evening,3,126,380.85,727.3,234.0
2023-04-04,Astoria,4,Tuesday,0,Morning,1,37,123.15,380.85,126.0
2023-04-04,Astoria,4,Tuesday,0,Afternoon,2,214,659.95,123.15,37.0
2023-04-04,Astoria,4,Tuesday,0,Evening,3,120,367.65,659.95,214.0
2023-04-05,Astoria,4,Wednesday,0,Morning,1,38,116.5,367.65,120.0
2023-04-05,Astoria,4,Wednesday,0,Afternoon,2,219,678.4,116.5,38.0
2023-04-05,Astoria,4,Wednesday,0,Evening,3,143,447.25,678.4,219.0
2023-04-06,Astoria,4,Thursday,0,Morning,1,39,120.8,447.25,143.0
2023-04-06,Astoria,4,Thursday,0,Afternoon,2,172,548.0,120.8,39.0
2023-04-06,Astoria,4,Thursday,0,Evening,3,107,334.15,548.0,172.0
2023-04-07,Astoria,4,Friday,0,Morning,1,152,481.85,334.15,107.0
2023-04-07,Astoria,4,Friday,0,Afternoon,2,131,400.6,481.85,152.0
2023-04-07,Astoria,4,Friday,0,Evening,3,80,256.15,400.6,131.0
2023-04-08,Astoria,4,Saturday,1,Morning,1,142,482.98,256.15,80.0
2023-04-08,Astoria,4,Saturday,1,Afternoon,2,193,712.55,482.98,142.0
2023-04-08,Astoria,4,Saturday,1,Evening,3,109,436.4,712.55,193.0
2023-04-09,Astoria,4,Sunday,1,Morning,1,204,711.83,436.4,109.0
2023-04-09,Astoria,4,Sunday,1,Afternoon,2,73,325.05,711.83,204.0
2023-04-09,Astoria,4,Sunday,1,Evening,3,43,155.3,325.05,73.0
2023-04-10,Astoria,4,Monday,0,Morning,1,293,894.4,155.3,43.0
2023-04-10,Astoria,4,Monday,0,Afternoon,2,75,247.95,894.4,293.0
2023-04-10,Astoria,4,Monday,0,Evening,3,48,213.1,247.95,75.0
2023-04-11,Astoria,4,Tuesday,0,Morning,1,257,811.8,213.1,48.0
2023-04-11,Astoria,4,Tuesday,0,Afternoon,2,95,288.75,811.8,257.0
2023-04-11,Astoria,4,Tuesday,0,Evening,3,59,194.45,288.75,95.0
2023-04-12,Astoria,4,Wednesday,0,Morning,1,175,591.63,194.45,59.0
2023-04-12,Astoria,4,Wednesday,0,Afternoon,2,68,233.15,591.63,175.0
2023-04-12,Astoria,4,Wednesday,0,Evening,3,44,133.85,233.15,68.0
2023-04-13,Astoria,4,Thursday,0,Morning,1,236,713.4,133.85,44.0
2023-04-13,Astoria,4,Thursday,0,Afternoon,2,72,218.5,713.4,236.0
2023-04-13,Astoria,4,Thursday,0,Evening,3,45,137.8,218.5,72.0
2023-04-14,Astoria,4,Friday,0,Morning,1,190,707.23,137.8,45.0
2023-04-14,Astoria,4,Friday,0,Afternoon,2,62,230.5,707.23,190.0
2023-04-14,Astoria,4,Friday,0,Evening,3,70,258.1,230.5,62.0
2023-04-15,Astoria,4,Saturday,1,Morning,1,317,1115.66,258.1,70.0
2023-04-15,Astoria,4,Saturday,1,Afternoon,2,94,304.95,1115.66,317.0
2023-04-15,Astoria,4,Saturday,1,Evening,3,59,202.05,304.95,94.0
2023-04-16,Astoria,4,Sunday,1,Morning,1,309,1001.53,202.05,59.0
2023-04-16,Astoria,4,Sunday,1,Afternoon,2,85,277.15,1001.53,309.0
2023-04-16,Astoria,4,Sunday,1,Evening,3,57,203.4,277.15,85.0
2023-04-17,Astoria,4,Monday,0,Morning,1,320,1073.6,203.4,57.0
2023-04-17,Astoria,4,Monday,0,Afternoon,2,79,241.55,1073.6,320.0
2023-04-17,Astoria,4,Monday,0,Evening,3,58,228.45,241.55,79.0
2023-04-18,Astoria,4,Tuesday,0,Morning,1,309,1079.16,228.45,58.0
2023-04-18,Astoria,4,Tuesday,0,Afternoon,2,94,336.78,1079.16,309.0
2023-04-18,Astoria,4,Tuesday,0,Evening,3,50,192.85,336.78,94.0
2023-04-19,Astoria,4,Wednesday,0,Morning,1,342,1211.73,192.85,50.0
2023-04-19,Astoria,4,Wednesday,0,Afternoon,2,89,313.4,1211.73,342.0
2023-04-19,Astoria,4,Wednesday,0,Evening,3,57,213.8,313.4,89.0
2023-04-20,Astoria,4,Thursday,0,Morning,1,170,638.35,213.8,57.0
2023-04-20,Astoria,4,Thursday,0,Afternoon,2,74,319.4,638.35,170.0
2023-04-20,Astoria,4,Thursday,0,Evening,3,50,206.2,319.4,74.0
2023-04-21,Astoria,4,Friday,0,Morning,1,203,708.03,206.2,50.0
2023-04-21,Astoria,4,Friday,0,Afternoon,2,46,212.9,708.03,203.0
2023-04-21,Astoria,4,Friday,0,Evening,3,56,180.95,212.9,46.0
2023-04-22,Astoria,4,Saturday,1,Morning,1,161,504.7,180.95,56.0
2023-04-22,Astoria,4,Saturday,1,Afternoon,2,177,551.95,504.7,161.0
2023-04-22,Astoria,4,Saturday,1,Evening,3,76,235.3,551.95,177.0
2023-04-23,Astoria,4,Sunday,1,Morning,1,178,580.0,235.3,76.0
2023-04-23,Astoria,4,Sunday,1,Afternoon,2,159,500.1,580.0,178.0
2023-04-23,Astoria,4,Sunday,1,Evening,3,91,303.95,500.1,159.0
2023-04-24,Astoria,4,Monday,0,Morning,1,217,680.7,303.95,91.0
2023-04-24,Astoria,4,Monday,0,Afternoon,2,170,544.7,680.7,217.0
2023-04-24,Astoria,4,Monday,0,Evening,3,103,314.4,544.7,170.0
2023-04-25,Astoria,4,Tuesday,0,Morning,1,170,513.1,314.4,103.0
2023-04-25,Astoria,4,Tuesday,0,Afternoon,2,146,447.25,513.1,170.0
2023-04-25,Astoria,4,Tuesday,0,Evening,3,114,345.75,447.25,146.0
2023-04-26,Astoria,4,Wednesday,0,Morning,1,177,558.0,345.75,114.0
2023-04-26,Astoria,4,Wednesday,0,Afternoon,2,180,566.35,558.0,177.0
2023-04-26,Astoria,4,Wednesday,0,Evening,3,104,323.15,566.35,180.0
2023-04-27,Astoria,4,Thursday,0,Morning,1,180,560.85,323.15,104.0
2023-04-27,Astoria,4,Thursday,0,Afternoon,2,165,522.95,560.85,180.0
2023-04-27,Astoria,4,Thursday,0,Evening,3,116,355.75,522.95,165.0
2023-04-28,Astoria,4,Friday,0,Morning,1,145,430.5,355.75,116.0
2023-04-28,Astoria,4,Friday,0,Afternoon,2,139,431.5,430.5,145.0
2023-04-28,Astoria,4,Friday,0,Evening,3,102,310.7,431.5,139.0
2023-04-29,Astoria,4,Saturday,1,Morning,1,114,354.4,310.7,102.0
2023-04-29,Astoria,4,Saturday,1,Afternoon,2,142,456.65,354.4,114.0
2023-04-29,Astoria,4,Saturday,1,Evening,3,99,313.0,456.65,142.0
2023-04-30,Astoria,4,Sunday,1,Morning,1,182,583.25,313.0,99.0
2023-04-30,Astoria,4,Sunday,1,Afternoon,2,152,469.05,583.25,182.0
2023-04-30,Astoria,4,Sunday,1,Evening,3,52,223.3,469.05,152.0
2023-05-01,Astoria,5,Monday,0,Morning,1,74,226.15,223.3,52.0
2023-05-01,Astoria,5,Monday,0,Afternoon,2,304,940.65,226.15,74.0
2023-05-01,Astoria,5,Monday,0,Evening,3,155,490.85,940.65,304.0
2023-05-02,Astoria,5,Tuesday,0,Morning,1,56,180.2,490.85,155.0
2023-05-02,Astoria,5,Tuesday,0,Afternoon,2,310,967.95,180.2,56.0
2023-05-02,Astoria,5,Tuesday,0,Evening,3,198,610.3,967.95,310.0
2023-05-03,Astoria,5,Wednesday,0,Morning,1,82,256.3,610.3,198.0
2023-05-03,Astoria,5,Wednesday,0,Afternoon,2,302,942.5,256.3,82.0
2023-05-03,Astoria,5,Wednesday,0,Evening,3,183,561.65,942.5,302.0
2023-05-04,Astoria,5,Thursday,0,Morning,1,51,164.8,561.65,183.0
2023-05-04,Astoria,5,Thursday,0,Afternoon,2,332,1039.45,164.8,51.0
2023-05-04,Astoria,5,Thursday,0,Evening,3,164,505.6,1039.45,332.0
2023-05-05,Astoria,5,Friday,0,Morning,1,40,117.4,505.6,164.0
2023-05-05,Astoria,5,Friday,0,Afternoon,2,324,1020.2,117.4,40.0
2023-05-05,Astoria,5,Friday,0,Evening,3,190,589.05,1020.2,324.0
2023-05-06,Astoria,5,Saturday,1,Morning,1,29,94.6,589.05,190.0
2023-05-06,Astoria,5,Saturday,1,Afternoon,2,244,774.25,94.6,29.0
2023-05-06,Astoria,5,Saturday,1,Evening,3,141,424.2,774.25,244.0
2023-05-07,Astoria,5,Sunday,1,Morning,1,195,613.3,424.2,141.0
2023-05-07,Astoria,5,Sunday,1,Afternoon,2,164,516.45,613.3,195.0
2023-05-07,Astoria,5,Sunday,1,Evening,3,93,286.85,516.45,164.0
2023-05-08,Astoria,5,Monday,0,Morning,1,189,631.18,286.85,93.0
2023-05-08,Astoria,5,Monday,0,Afternoon,2,240,896.65,631.18,189.0
2023-05-08,Astoria,5,Monday,0,Evening,3,117,439.85,896.65,240.0
2023-05-09,Astoria,5,Tuesday,0,Morning,1,242,781.08,439.85,117.0
2023-05-09,Astoria,5,Tuesday,0,Afternoon,2,100,436.48,781.08,242.0
2023-05-09,Astoria,5,Tuesday,0,Evening,3,45,144.55,436.48,100.0
2023-05-10,Astoria,5,Wednesday,0,Morning,1,370,1132.15,144.55,45.0
2023-05-10,Astoria,5,Wednesday,0,Afternoon,2,118,351.8,1132.15,370.0
2023-05-10,Astoria,5,Wednesday,0,Evening,3,62,232.95,351.8,118.0
2023-05-11,Astoria,5,Thursday,0,Morning,1,271,852.75,232.95,62.0
2023-05-11,Astoria,5,Thursday,0,Afternoon,2,111,351.2,852.75,271.0
2023-05-11,Astoria,5,Thursday,0,Evening,3,61,191.05,351.2,111.0
2023-05-12,Astoria,5,Friday,0,Morning,1,237,796.68,191.05,61.0
2023-05-12,Astoria,5,Friday,0,Afternoon,2,78,240.75,796.68,237.0
2023-05-12,Astoria,5,Friday,0,Evening,3,47,137.65,240.75,78.0
2023-05-13,Astoria,5,Saturday,1,Morning,1,275,826.3,137.65,47.0
2023-05-13,Astoria,5,Saturday,1,Afternoon,2,105,300.9,826.3,275.0
2023-05-13,Astoria,5,Saturday,1,Evening,3,59,172.65,300.9,105.0
2023-05-14,Astoria,5,Sunday,1,Morning,1,271,940.15,172.65,59.0
2023-05-14,Astoria,5,Sunday,1,Afternoon,2,81,307.55,940.15,271.0
2023-05-14,Astoria,5,Sunday,1,Evening,3,65,234.3,307.55,81.0
2023-05-15,Astoria,5,Monday,0,Morning,1,420,1433.23,234.3,65.0
2023-05-15,Astoria,5,Monday,0,Afternoon,2,116,357.9,1433.23,420.0
2023-05-15,Astoria,5,Monday,0,Evening,3,94,389.75,357.9,116.0
2023-05-16,Astoria,5,Tuesday,0,Morning,1,398,1267.95,389.75,94.0
2023-05-16,Astoria,5,Tuesday,0,Afternoon,2,128,415.8,1267.95,398.0
2023-05-16,Astoria,5,Tuesday,0,Evening,3,97,358.4,415.8,128.0
2023-05-17,Astoria,5,Wednesday,0,Morning,1,391,1323.95,358.4,97.0
2023-05-17,Astoria,5,Wednesday,0,Afternoon,2,102,343.6,1323.95,391.0
2023-05-17,Astoria,5,Wednesday,0,Evening,3,73,274.95,343.6,102.0
2023-05-18,Astoria,5,Thursday,0,Morning,1,380,1242.31,274.95,73.0
2023-05-18,Astoria,5,Thursday,0,Afternoon,2,118,437.53,1242.31,380.0
2023-05-18,Astoria,5,Thursday,0,Evening,3,68,286.1,437.53,118.0
2023-05-19,Astoria,5,Friday,0,Morning,1,450,1529.7,286.1,68.0
2023-05-19,Astoria,5,Friday,0,Afternoon,2,109,354.8,1529.7,450.0
2023-05-19,Astoria,5,Friday,0,Evening,3,85,300.2,354.8,109.0
2023-05-20,Astoria,5,Saturday,1,Morning,1,249,1076.15,300.2,85.0
2023-05-20,Astoria,5,Saturday,1,Afternoon,2,101,427.15,1076.15,249.0
2023-05-20,Astoria,5,Saturday,1,Evening,3,73,295.43,427.15,101.0
2023-05-21,Astoria,5,Sunday,1,Morning,1,265,1016.38,295.43,73.0
2023-05-21,Astoria,5,Sunday,1,Afternoon,2,76,295.3,1016.38,265.0
2023-05-21,Astoria,5,Sunday,1,Evening,3,77,257.1,295.3,76.0
2023-05-22,Astoria,5,Monday,0,Morning,1,234,713.8,257.1,77.0
2023-05-22,Astoria,5,Monday,0,Afternoon,2,227,692.25,713.8,234.0
2023-05-22,Astoria,5,Monday,0,Evening,3,121,367.1,692.25,227.0
2023-05-23,Astoria,5,Tuesday,0,Morning,1,199,642.95,367.1,121.0
2023-05-23,Astoria,5,Tuesday,0,Afternoon,2,192,581.85,642.95,199.0
2023-05-23,Astoria,5,Tuesday,0,Evening,3,134,428.3,581.85,192.0
2023-05-24,Astoria,5,Wednesday,0,Morning,1,227,696.05,428.3,134.0
2023-05-24,Astoria,5,Wednesday,0,Afternoon,2,241,766.05,696.05,227.0
2023-05-24,Astoria,5,Wednesday,0,Evening,3,137,427.55,766.05,241.0
2023-05-25,Astoria,5,Thursday,0,Morning,1,193,590.25,427.55,137.0
2023-05-25,Astoria,5,Thursday,0,Afternoon,2,209,650.7,590.25,193.0
2023-05-25,Astoria,5,Thursday,0,Evening,3,126,387.2,650.7,209.0
2023-05-26,Astoria,5,Friday,0,Morning,1,227,708.35,387.2,126.0
2023-05-26,Astoria,5,Friday,0,Afternoon,2,233,720.5,708.35,227.0
2023-05-26,Astoria,5,Friday,0,Evening,3,131,397.8,720.5,233.0
2023-05-27,Astoria,5,Saturday,1,Morning,1,222,692.05,397.8,131.0
2023-05-27,Astoria,5,Saturday,1,Afternoon,2,189,578.15,692.05,222.0
2023-05-27,Astoria,5,Saturday,1,Evening,3,129,390.85,578.15,189.0
2023-05-28,Astoria,5,Sunday,1,Morning,1,207,622.75,390.85,129.0
2023-05-28,Astoria,5,Sunday,1,Afternoon,2,204,628.05,622.75,207.0
2023-05-28,Astoria,5,Sunday,1,Evening,3,120,362.05,628.05,204.0
2023-05-29,Astoria,5,Monday,0,Morning,1,190,612.85,362.05,120.0
2023-05-29,Astoria,5,Monday,0,Afternoon,2,212,670.9,612.85,190.0
2023-05-29,Astoria,5,Monday,0,Evening,3,114,353.35,670.9,212.0
2023-05-30,Astoria,5,Tuesday,0,Morning,1,266,820.3,353.35,114.0
2023-05-30,Astoria,5,Tuesday,0,Afternoon,2,175,552.7,820.3,266.0
2023-05-30,Astoria,5,Tuesday,0,Evening,3,98,297.95,552.7,175.0
2023-05-31,Astoria,5,Wednesday,0,Morning,1,302,1011.11,297.95,98.0
2023-05-31,Astoria,5,Wednesday,0,Afternoon,2,123,385.5,1011.11,302.0
2023-05-31,Astoria,5,Wednesday,0,Evening,3,87,274.5,385.5,123.0
2023-06-01,Astoria,6,Thursday,0,Morning,1,67,205.15,274.5,87.0
2023-06-01,Astoria,6,Thursday,0,Afternoon,2,331,999.7,205.15,67.0
2023-06-01,Astoria,6,Thursday,0,Evening,3,185,590.0,999.7,331.0
2023-06-02,Astoria,6,Friday,0,Morning,1,56,169.5,590.0,185.0
2023-06-02,Astoria,6,Friday,0,Afternoon,2,346,1076.9,169.5,56.0
2023-06-02,Astoria,6,Friday,0,Evening,3,220,669.05,1076.9,346.0
2023-06-03,Astoria,6,Saturday,1,Morning,1,96,300.75,669.05,220.0
2023-06-03,Astoria,6,Saturday,1,Afternoon,2,328,1037.35,300.75,96.0
2023-06-03,Astoria,6,Saturday,1,Evening,3,192,615.4,1037.35,328.0
2023-06-04,Astoria,6,Sunday,1,Morning,1,52,165.75,615.4,192.0
2023-06-04,Astoria,6,Sunday,1,Afternoon,2,342,1048.05,165.75,52.0
2023-06-04,Astoria,6,Sunday,1,Evening,3,178,547.1,1048.05,342.0
2023-06-05,Astoria,6,Monday,0,Morning,1,46,136.15,547.1,178.0
2023-06-05,Astoria,6,Monday,0,Afternoon,2,350,1094.4,136.15,46.0
2023-06-05,Astoria,6,Monday,0,Evening,3,199,611.9,1094.4,350.0
2023-06-06,Astoria,6,Tuesday,0,Morning,1,36,111.75,611.9,199.0
2023-06-06,Astoria,6,Tuesday,0,Afternoon,2,255,802.45,111.75,36.0
2023-06-06,Astoria,6,Tuesday,0,Evening,3,155,482.9,802.45,255.0
2023-06-07,Astoria,6,Wednesday,0,Morning,1,200,636.4,482.9,155.0
2023-06-07,Astoria,6,Wednesday,0,Afternoon,2,184,577.05,636.4,200.0
2023-06-07,Astoria,6,Wednesday,0,Evening,3,110,342.1,577.05,184.0
2023-06-08,Astoria,6,Thursday,0,Morning,1,210,764.53,342.1,110.0
2023-06-08,Astoria,6,Thursday,0,Afternoon,2,233,874.0,764.53,210.0
2023-06-08,Astoria,6,Thursday,0,Evening,3,131,530.15,874.0,233.0
2023-06-09,Astoria,6,Friday,0,Morning,1,281,951.3,530.15,131.0
2023-06-09,Astoria,6,Friday,0,Afternoon,2,99,402.18,951.3,281.0
2023-06-09,Astoria,6,Friday,0,Evening,3,53,165.0,402.18,99.0
2023-06-10,Astoria,6,Saturday,1,Morning,1,367,1114.45,165.0,53.0
2023-06-10,Astoria,6,Saturday,1,Afternoon,2,107,342.75,1114.45,367.0
2023-06-10,Astoria,6,Saturday,1,Evening,3,64,292.25,342.75,107.0
2023-06-11,Astoria,6,Sunday,1,Morning,1,323,1057.95,292.25,64.0
2023-06-11,Astoria,6,Sunday,1,Afternoon,2,120,391.2,1057.95,323.0
2023-06-11,Astoria,6,Sunday,1,Evening,3,81,254.5,391.2,120.0
2023-06-12,Astoria,6,Monday,0,Morning,1,242,756.7,254.5,81.0
2023-06-12,Astoria,6,Monday,0,Afternoon,2,89,299.0,756.7,242.0
2023-06-12,Astoria,6,Monday,0,Evening,3,63,188.9,299.0,89.0
2023-06-13,Astoria,6,Tuesday,0,Morning,1,311,936.6,188.9,63.0
2023-06-13,Astoria,6,Tuesday,0,Afternoon,2,100,294.05,936.6,311.0
2023-06-13,Astoria,6,Tuesday,0,Evening,3,69,208.8,294.05,100.0
2023-06-14,Astoria,6,Wednesday,0,Morning,1,264,983.35,208.8,69.0
2023-06-14,Astoria,6,Wednesday,0,Afternoon,2,86,359.2,983.35,264.0
2023-06-14,Astoria,6,Wednesday,0,Evening,3,75,246.0,359.2,86.0
2023-06-15,Astoria,6,Thursday,0,Morning,1,461,1622.76,246.0,75.0
2023-06-15,Astoria,6,Thursday,0,Afternoon,2,106,335.35,1622.76,461.0
2023-06-15,Astoria,6,Thursday,0,Evening,3,94,415.1,335.35,106.0
2023-06-16,Astoria,6,Friday,0,Morning,1,435,1369.05,415.1,94.0
2023-06-16,Astoria,6,Friday,0,Afternoon,2,155,539.7,1369.05,435.0
2023-06-16,Astoria,6,Friday,0,Evening,3,89,321.05,539.7,155.0
2023-06-17,Astoria,6,Saturday,1,Morning,1,419,1411.65,321.05,89.0
2023-06-17,Astoria,6,Saturday,1,Afternoon,2,104,324.45,1411.65,419.0
2023-06-17,Astoria,6,Saturday,1,Evening,3,95,336.55,324.45,104.0
2023-06-18,Astoria,6,Sunday,1,Morning,1,398,1280.6,336.55,95.0
2023-06-18,Astoria,6,Sunday,1,Afternoon,2,131,436.98,1280.6,398.0
2023-06-18,Astoria,6,Sunday,1,Evening,3,76,327.3,436.98,131.0
2023-06-19,Astoria,6,Monday,0,Morning,1,474,1695.6299999999999,327.3,76.0
2023-06-19,Astoria,6,Monday,0,Afternoon,2,119,395.4,1695.6299999999999,474.0
2023-06-19,Astoria,6,Monday,0,Evening,3,95,455.4,395.4,119.0
2023-06-20,Astoria,6,Tuesday,0,Morning,1,273,1018.35,455.4,95.0
2023-06-20,Astoria,6,Tuesday,0,Afternoon,2,104,449.75,1018.35,273.0
2023-06-20,Astoria,6,Tuesday,0,Evening,3,63,211.28,449.75,104.0
2023-06-21,Astoria,6,Wednesday,0,Morning,1,289,1015.9,211.28,63.0
2023-06-21,Astoria,6,Wednesday,0,Afternoon,2,71,332.65,1015.9,289.0
2023-06-21,Astoria,6,Wednesday,0,Evening,3,78,265.7,332.65,71.0
2023-06-22,Astoria,6,Thursday,0,Morning,1,237,755.35,265.7,78.0
2023-06-22,Astoria,6,Thursday,0,Afternoon,2,258,808.35,755.35,237.0
2023-06-22,Astoria,6,Thursday,0,Evening,3,118,348.35,808.35,258.0
2023-06-23,Astoria,6,Friday,0,Morning,1,230,731.05,348.35,118.0
2023-06-23,Astoria,6,Friday,0,Afternoon,2,225,686.95,731.05,230.0
2023-06-23,Astoria,6,Friday,0,Evening,3,139,446.4,686.95,225.0
2023-06-24,Astoria,6,Saturday,1,Morning,1,264,815.85,446.4,139.0
2023-06-24,Astoria,6,Saturday,1,Afternoon,2,269,857.4,815.85,264.0
2023-06-24,Astoria,6,Saturday,1,Evening,3,145,444.3,857.4,269.0
2023-06-25,Astoria,6,Sunday,1,Morning,1,222,660.6,444.3,145.0
2023-06-25,Astoria,6,Sunday,1,Afternoon,2,219,685.05,660.6,222.0
2023-06-25,Astoria,6,Sunday,1,Evening,3,127,395.05,685.05,219.0
2023-06-26,Astoria,6,Monday,0,Morning,1,253,794.35,395.05,127.0
2023-06-26,Astoria,6,Monday,0,Afternoon,2,237,742.25,794.35,253.0
2023-06-26,Astoria,6,Monday,0,Evening,3,145,438.5,742.25,237.0
2023-06-27,Astoria,6,Tuesday,0,Morning,1,234,728.4,438.5,145.0
2023-06-27,Astoria,6,Tuesday,0,Afternoon,2,220,700.45,728.4,234.0
2023-06-27,Astoria,6,Tuesday,0,Evening,3,144,432.7,700.45,220.0
2023-06-28,Astoria,6,Wednesday,0,Morning,1,249,742.75,432.7,144.0
2023-06-28,Astoria,6,Wednesday,0,Afternoon,2,205,631.15,742.75,249.0
2023-06-28,Astoria,6,Wednesday,0,Evening,3,126,384.2,631.15,205.0
2023-06-29,Astoria,6,Thursday,0,Morning,1,212,683.3,384.2,126.0
2023-06-29,Astoria,6,Thursday,0,Afternoon,2,233,727.35,683.3,212.0
2023-06-29,Astoria,6,Thursday,0,Evening,3,140,442.1,727.35,233.0
2023-06-30,Astoria,6,Friday,0,Morning,1,317,981.0,442.1,140.0
2023-06-30,Astoria,6,Friday,0,Afternoon,2,146,472.2,981.0,317.0
2023-06-30,Astoria,6,Friday,0,Evening,3,114,354.45,472.2,146.0
2023-01-01,Hell's Kitchen,1,Sunday,1,Morning,1,75,244.4,0.0,0.0
2023-01-01,Hell's Kitchen,1,Sunday,1,Afternoon,2,109,330.25,244.4,75.0
2023-01-01,Hell's Kitchen,1,Sunday,1,Evening,3,86,276.8,330.25,109.0
2023-01-02,Hell's Kitchen,1,Monday,0,Morning,1,99,307.25,276.8,86.0
2023-01-02,Hell's Kitchen,1,Monday,0,Afternoon,2,109,325.6,307.25,99.0
2023-01-02,Hell's Kitchen,1,Monday,0,Evening,3,64,195.95,325.6,109.0
2023-01-03,Hell's Kitchen,1,Tuesday,0,Morning,1,93,286.0,195.95,64.0
2023-01-03,Hell's Kitchen,1,Tuesday,0,Afternoon,2,135,413.35,286.0,93.0
2023-01-03,Hell's Kitchen,1,Tuesday,0,Evening,3,67,206.9,413.35,135.0
2023-01-04,Hell's Kitchen,1,Wednesday,0,Morning,1,87,268.15,206.9,67.0
2023-01-04,Hell's Kitchen,1,Wednesday,0,Afternoon,2,97,298.4,268.15,87.0
2023-01-04,Hell's Kitchen,1,Wednesday,0,Evening,3,72,215.1,298.4,97.0
2023-01-05,Hell's Kitchen,1,Thursday,0,Morning,1,71,224.15,215.1,72.0
2023-01-05,Hell's Kitchen,1,Thursday,0,Afternoon,2,102,311.4,224.15,71.0
2023-01-05,Hell's Kitchen,1,Thursday,0,Evening,3,62,179.35,311.4,102.0
2023-01-06,Hell's Kitchen,1,Friday,0,Morning,1,84,250.7,179.35,62.0
2023-01-06,Hell's Kitchen,1,Friday,0,Afternoon,2,120,353.8,250.7,84.0
2023-01-06,Hell's Kitchen,1,Friday,0,Evening,3,52,162.7,353.8,120.0
2023-01-07,Hell's Kitchen,1,Saturday,1,Morning,1,213,696.55,162.7,52.0
2023-01-07,Hell's Kitchen,1,Saturday,1,Afternoon,2,42,128.75,696.55,213.0
2023-01-07,Hell's Kitchen,1,Saturday,1,Evening,3,68,198.8,128.75,42.0
2023-01-08,Hell's Kitchen,1,Sunday,1,Morning,1,184,582.25,198.8,68.0
2023-01-08,Hell's Kitchen,1,Sunday,1,Afternoon,2,58,177.58,582.25,184.0
2023-01-08,Hell's Kitchen,1,Sunday,1,Evening,3,35,113.0,177.58,58.0
2023-01-09,Hell's Kitchen,1,Monday,0,Morning,1,182,614.4,113.0,35.0
2023-01-09,Hell's Kitchen,1,Monday,0,Afternoon,2,55,169.5,614.4,182.0
2023-01-09,Hell's Kitchen,1,Monday,0,Evening,3,35,110.5,169.5,55.0
2023-01-10,Hell's Kitchen,1,Tuesday,0,Morning,1,173,528.6,110.5,35.0
2023-01-10,Hell's Kitchen,1,Tuesday,0,Afternoon,2,61,173.6,528.6,173.0
2023-01-10,Hell's Kitchen,1,Tuesday,0,Evening,3,39,105.9,173.6,61.0
2023-01-11,Hell's Kitchen,1,Wednesday,0,Morning,1,198,670.95,105.9,39.0
2023-01-11,Hell's Kitchen,1,Wednesday,0,Afternoon,2,55,169.0,670.95,198.0
2023-01-11,Hell's Kitchen,1,Wednesday,0,Evening,3,42,134.6,169.0,55.0
2023-01-12,Hell's Kitchen,1,Thursday,0,Morning,1,149,411.85,134.6,42.0
2023-01-12,Hell's Kitchen,1,Thursday,0,Afternoon,2,64,212.95,411.85,149.0
2023-01-12,Hell's Kitchen,1,Thursday,0,Evening,3,38,127.1,212.95,64.0
2023-01-13,Hell's Kitchen,1,Friday,0,Morning,1,274,866.2,127.1,38.0
2023-01-13,Hell's Kitchen,1,Friday,0,Afternoon,2,80,291.9,866.2,274.0
2023-01-13,Hell's Kitchen,1,Friday,0,Evening,3,55,204.5,291.9,80.0
2023-01-14,Hell's Kitchen,1,Saturday,1,Morning,1,233,824.58,204.5,55.0
2023-01-14,Hell's Kitchen,1,Saturday,1,Afternoon,2,36,122.7,824.58,233.0
2023-01-14,Hell's Kitchen,1,Saturday,1,Evening,3,57,196.53,122.7,36.0
2023-01-15,Hell's Kitchen,1,Sunday,1,Morning,1,196,697.3,196.53,57.0
2023-01-15,Hell's Kitchen,1,Sunday,1,Afternoon,2,47,159.78,697.3,196.0
2023-01-15,Hell's Kitchen,1,Sunday,1,Evening,3,37,105.35,159.78,47.0
2023-01-16,Hell's Kitchen,1,Monday,0,Morning,1,196,703.45,105.35,37.0
2023-01-16,Hell's Kitchen,1,Monday,0,Afternoon,2,46,141.5,703.45,196.0
2023-01-16,Hell's Kitchen,1,Monday,0,Evening,3,35,106.2,141.5,46.0
2023-01-17,Hell's Kitchen,1,Tuesday,0,Morning,1,169,1234.9,106.2,35.0
2023-01-17,Hell's Kitchen,1,Tuesday,0,Afternoon,2,33,153.6,1234.9,169.0
2023-01-17,Hell's Kitchen,1,Tuesday,0,Evening,3,12,33.0,153.6,33.0
2023-01-18,Hell's Kitchen,1,Wednesday,0,Morning,1,186,618.35,33.0,12.0
2023-01-18,Hell's Kitchen,1,Wednesday,0,Afternoon,2,53,151.75,618.35,186.0
2023-01-18,Hell's Kitchen,1,Wednesday,0,Evening,3,24,76.0,151.75,53.0
2023-01-19,Hell's Kitchen,1,Thursday,0,Morning,1,205,755.0,76.0,24.0
2023-01-19,Hell's Kitchen,1,Thursday,0,Afternoon,2,59,192.45,755.0,205.0
2023-01-19,Hell's Kitchen,1,Thursday,0,Evening,3,29,98.8,192.45,59.0
2023-01-20,Hell's Kitchen,1,Friday,0,Morning,1,172,547.85,98.8,29.0
2023-01-20,Hell's Kitchen,1,Friday,0,Afternoon,2,65,240.05,547.85,172.0
2023-01-20,Hell's Kitchen,1,Friday,0,Evening,3,47,152.85,240.05,65.0
2023-01-21,Hell's Kitchen,1,Saturday,1,Morning,1,207,737.15,152.85,47.0
2023-01-21,Hell's Kitchen,1,Saturday,1,Afternoon,2,71,218.7,737.15,207.0
2023-01-21,Hell's Kitchen,1,Saturday,1,Evening,3,40,119.65,218.7,71.0
2023-01-22,Hell's Kitchen,1,Sunday,1,Morning,1,102,334.9,119.65,40.0
2023-01-22,Hell's Kitchen,1,Sunday,1,Afternoon,2,56,169.0,334.9,102.0
2023-01-22,Hell's Kitchen,1,Sunday,1,Evening,3,38,117.55,169.0,56.0
2023-01-23,Hell's Kitchen,1,Monday,0,Morning,1,192,674.8,117.55,38.0
2023-01-23,Hell's Kitchen,1,Monday,0,Afternoon,2,65,205.65,674.8,192.0
2023-01-23,Hell's Kitchen,1,Monday,0,Evening,3,47,145.65,205.65,65.0
2023-01-24,Hell's Kitchen,1,Tuesday,0,Morning,1,132,488.75,145.65,47.0
2023-01-24,Hell's Kitchen,1,Tuesday,0,Afternoon,2,78,225.2,488.75,132.0
2023-01-24,Hell's Kitchen,1,Tuesday,0,Evening,3,32,127.15,225.2,78.0
2023-01-25,Hell's Kitchen,1,Wednesday,0,Morning,1,153,522.2,127.15,32.0
2023-01-25,Hell's Kitchen,1,Wednesday,0,Afternoon,2,70,212.75,522.2,153.0
2023-01-25,Hell's Kitchen,1,Wednesday,0,Evening,3,35,105.75,212.75,70.0
2023-01-26,Hell's Kitchen,1,Thursday,0,Morning,1,145,495.15,105.75,35.0
2023-01-26,Hell's Kitchen,1,Thursday,0,Afternoon,2,55,178.75,495.15,145.0
2023-01-26,Hell's Kitchen,1,Thursday,0,Evening,3,55,182.53,178.75,55.0
2023-01-27,Hell's Kitchen,1,Friday,0,Morning,1,182,527.5,182.53,55.0
2023-01-27,Hell's Kitchen,1,Friday,0,Afternoon,2,42,125.85,527.5,182.0
2023-01-27,Hell's Kitchen,1,Friday,0,Evening,3,40,106.7,125.85,42.0
2023-01-28,Hell's Kitchen,1,Saturday,1,Morning,1,64,200.45,106.7,40.0
2023-01-28,Hell's Kitchen,1,Saturday,1,Afternoon,2,118,362.05,200.45,64.0
2023-01-28,Hell's Kitchen,1,Saturday,1,Evening,3,45,137.15,362.05,118.0
2023-01-29,Hell's Kitchen,1,Sunday,1,Morning,1,74,229.4,137.15,45.0
2023-01-29,Hell's Kitchen,1,Sunday,1,Afternoon,2,84,257.55,229.4,74.0
2023-01-29,Hell's Kitchen,1,Sunday,1,Evening,3,37,125.2,257.55,84.0
2023-01-30,Hell's Kitchen,1,Monday,0,Morning,1,147,525.85,125.2,37.0
2023-01-30,Hell's Kitchen,1,Monday,0,Afternoon,2,57,222.35,525.85,147.0
2023-01-30,Hell's Kitchen,1,Monday,0,Evening,3,38,120.2,222.35,57.0
2023-01-31,Hell's Kitchen,1,Tuesday,0,Morning,1,155,572.65,120.2,38.0
2023-01-31,Hell's Kitchen,1,Tuesday,0,Afternoon,2,38,117.1,572.65,155.0
2023-01-31,Hell's Kitchen,1,Tuesday,0,Evening,3,25,78.65,117.1,38.0
2023-02-01,Hell's Kitchen,2,Wednesday,0,Morning,1,73,243.35,78.65,25.0
2023-02-01,Hell's Kitchen,2,Wednesday,0,Afternoon,2,110,334.0,243.35,73.0
2023-02-01,Hell's Kitchen,2,Wednesday,0,Evening,3,86,272.05,334.0,110.0
2023-02-02,Hell's Kitchen,2,Thursday,0,Morning,1,104,338.3,272.05,86.0
2023-02-02,Hell's Kitchen,2,Thursday,0,Afternoon,2,119,345.45,338.3,104.0
2023-02-02,Hell's Kitchen,2,Thursday,0,Evening,3,64,200.2,345.45,119.0
2023-02-03,Hell's Kitchen,2,Friday,0,Morning,1,92,284.2,200.2,64.0
2023-02-03,Hell's Kitchen,2,Friday,0,Afternoon,2,121,376.75,284.2,92.0
2023-02-03,Hell's Kitchen,2,Friday,0,Evening,3,78,235.05,376.75,121.0
2023-02-04,Hell's Kitchen,2,Saturday,1,Morning,1,102,321.15,235.05,78.0
2023-02-04,Hell's Kitchen,2,Saturday,1,Afternoon,2,106,323.3,321.15,102.0
2023-02-04,Hell's Kitchen,2,Saturday,1,Evening,3,70,200.2,323.3,106.0
2023-02-05,Hell's Kitchen,2,Sunday,1,Morning,1,81,250.45,200.2,70.0
2023-02-05,Hell's Kitchen,2,Sunday,1,Afternoon,2,93,279.4,250.45,81.0
2023-02-05,Hell's Kitchen,2,Sunday,1,Evening,3,59,179.5,279.4,93.0
2023-02-06,Hell's Kitchen,2,Monday,0,Morning,1,72,220.75,179.5,59.0
2023-02-06,Hell's Kitchen,2,Monday,0,Afternoon,2,124,367.6,220.75,72.0
2023-02-06,Hell's Kitchen,2,Monday,0,Evening,3,68,207.8,367.6,124.0
2023-02-07,Hell's Kitchen,2,Tuesday,0,Morning,1,152,483.3,207.8,68.0
2023-02-07,Hell's Kitchen,2,Tuesday,0,Afternoon,2,60,177.65,483.3,152.0
2023-02-07,Hell's Kitchen,2,Tuesday,0,Evening,3,80,232.3,177.65,60.0
2023-02-08,Hell's Kitchen,2,Wednesday,0,Morning,1,182,589.55,232.3,80.0
2023-02-08,Hell's Kitchen,2,Wednesday,0,Afternoon,2,78,252.78,589.55,182.0
2023-02-08,Hell's Kitchen,2,Wednesday,0,Evening,3,38,107.6,252.78,78.0
2023-02-09,Hell's Kitchen,2,Thursday,0,Morning,1,212,613.3,107.6,38.0
2023-02-09,Hell's Kitchen,2,Thursday,0,Afternoon,2,50,158.2,613.3,212.0
2023-02-09,Hell's Kitchen,2,Thursday,0,Evening,3,30,87.75,158.2,50.0
2023-02-10,Hell's Kitchen,2,Friday,0,Morning,1,203,672.45,87.75,30.0
2023-02-10,Hell's Kitchen,2,Friday,0,Afternoon,2,66,212.5,672.45,203.0
2023-02-10,Hell's Kitchen,2,Friday,0,Evening,3,57,187.35,212.5,66.0
2023-02-11,Hell's Kitchen,2,Saturday,1,Morning,1,188,630.88,187.35,57.0
2023-02-11,Hell's Kitchen,2,Saturday,1,Afternoon,2,70,221.7,630.88,188.0
2023-02-11,Hell's Kitchen,2,Saturday,1,Evening,3,49,178.63,221.7,70.0
2023-02-12,Hell's Kitchen,2,Sunday,1,Morning,1,187,684.65,178.63,49.0
2023-02-12,Hell's Kitchen,2,Sunday,1,Afternoon,2,75,215.4,684.65,187.0
2023-02-12,Hell's Kitchen,2,Sunday,1,Evening,3,64,225.75,215.4,75.0
2023-02-13,Hell's Kitchen,2,Monday,0,Morning,1,244,750.9,225.75,64.0
2023-02-13,Hell's Kitchen,2,Monday,0,Afternoon,2,70,281.6,750.9,244.0
2023-02-13,Hell's Kitchen,2,Monday,0,Evening,3,49,152.65,281.6,70.0
2023-02-14,Hell's Kitchen,2,Tuesday,0,Morning,1,247,784.55,152.65,49.0
2023-02-14,Hell's Kitchen,2,Tuesday,0,Afternoon,2,40,155.4,784.55,247.0
2023-02-14,Hell's Kitchen,2,Tuesday,0,Evening,3,62,223.7,155.4,40.0
2023-02-15,Hell's Kitchen,2,Wednesday,0,Morning,1,183,597.55,223.7,62.0
2023-02-15,Hell's Kitchen,2,Wednesday,0,Afternoon,2,40,132.5,597.55,183.0
2023-02-15,Hell's Kitchen,2,Wednesday,0,Evening,3,31,120.2,132.5,40.0
2023-02-16,Hell's Kitchen,2,Thursday,0,Morning,1,194,686.78,120.2,31.0
2023-02-16,Hell's Kitchen,2,Thursday,0,Afternoon,2,46,142.6,686.78,194.0
2023-02-16,Hell's Kitchen,2,Thursday,0,Evening,3,25,78.85,142.6,46.0
2023-02-17,Hell's Kitchen,2,Friday,0,Morning,1,142,431.55,78.85,25.0
2023-02-17,Hell's Kitchen,2,Friday,0,Afternoon,2,44,139.7,431.55,142.0
2023-02-17,Hell's Kitchen,2,Friday,0,Evening,3,23,66.35,139.7,44.0
2023-02-18,Hell's Kitchen,2,Saturday,1,Morning,1,213,801.35,66.35,23.0
2023-02-18,Hell's Kitchen,2,Saturday,1,Afternoon,2,58,168.75,801.35,213.0
2023-02-18,Hell's Kitchen,2,Saturday,1,Evening,3,26,79.4,168.75,58.0
2023-02-19,Hell's Kitchen,2,Sunday,1,Morning,1,228,820.45,79.4,26.0
2023-02-19,Hell's Kitchen,2,Sunday,1,Afternoon,2,63,212.7,820.45,228.0
2023-02-19,Hell's Kitchen,2,Sunday,1,Evening,3,40,131.05,212.7,63.0
2023-02-20,Hell's Kitchen,2,Monday,0,Morning,1,201,699.2,131.05,40.0
2023-02-20,Hell's Kitchen,2,Monday,0,Afternoon,2,64,207.25,699.2,201.0
2023-02-20,Hell's Kitchen,2,Monday,0,Evening,3,51,160.2,207.25,64.0
2023-02-21,Hell's Kitchen,2,Tuesday,0,Morning,1,184,575.05,160.2,51.0
2023-02-21,Hell's Kitchen,2,Tuesday,0,Afternoon,2,79,251.8,575.05,184.0
2023-02-21,Hell's Kitchen,2,Tuesday,0,Evening,3,44,131.8,251.8,79.0
2023-02-22,Hell's Kitchen,2,Wednesday,0,Morning,1,153,526.15,131.8,44.0
2023-02-22,Hell's Kitchen,2,Wednesday,0,Afternoon,2,69,212.3,526.15,153.0
2023-02-22,Hell's Kitchen,2,Wednesday,0,Evening,3,32,92.25,212.3,69.0
2023-02-23,Hell's Kitchen,2,Thursday,0,Morning,1,157,622.98,92.25,32.0
2023-02-23,Hell's Kitchen,2,Thursday,0,Afternoon,2,48,155.05,622.98,157.0
2023-02-23,Hell's Kitchen,2,Thursday,0,Evening,3,35,110.95,155.05,48.0
2023-02-24,Hell's Kitchen,2,Friday,0,Morning,1,160,518.25,110.95,35.0
2023-02-24,Hell's Kitchen,2,Friday,0,Afternoon,2,62,182.65,518.25,160.0
2023-02-24,Hell's Kitchen,2,Friday,0,Evening,3,34,114.2,182.65,62.0
2023-02-25,Hell's Kitchen,2,Saturday,1,Morning,1,164,528.1,114.2,34.0
2023-02-25,Hell's Kitchen,2,Saturday,1,Afternoon,2,58,201.65,528.1,164.0
2023-02-25,Hell's Kitchen,2,Saturday,1,Evening,3,33,123.6,201.65,58.0
2023-02-26,Hell's Kitchen,2,Sunday,1,Morning,1,147,537.4,123.6,33.0
2023-02-26,Hell's Kitchen,2,Sunday,1,Afternoon,2,73,248.8,537.4,147.0
2023-02-26,Hell's Kitchen,2,Sunday,1,Evening,3,49,142.25,248.8,73.0
2023-02-27,Hell's Kitchen,2,Monday,0,Morning,1,188,517.3,142.25,49.0
2023-02-27,Hell's Kitchen,2,Monday,0,Afternoon,2,43,130.2,517.3,188.0
2023-02-27,Hell's Kitchen,2,Monday,0,Evening,3,41,111.4,130.2,43.0
2023-02-28,Hell's Kitchen,2,Tuesday,0,Morning,1,68,214.6,111.4,41.0
2023-02-28,Hell's Kitchen,2,Tuesday,0,Afternoon,2,109,351.35,214.6,68.0
2023-02-28,Hell's Kitchen,2,Tuesday,0,Evening,3,60,183.25,351.35,109.0
2023-03-01,Hell's Kitchen,3,Wednesday,0,Morning,1,118,380.75,183.25,60.0
2023-03-01,Hell's Kitchen,3,Wednesday,0,Afternoon,2,123,379.75,380.75,118.0
2023-03-01,Hell's Kitchen,3,Wednesday,0,Evening,3,89,279.95,379.75,123.0
2023-03-02,Hell's Kitchen,3,Thursday,0,Morning,1,105,337.05,279.95,89.0
2023-03-02,Hell's Kitchen,3,Thursday,0,Afternoon,2,131,384.95,337.05,105.0
2023-03-02,Hell's Kitchen,3,Thursday,0,Evening,3,95,298.75,384.95,131.0
2023-03-03,Hell's Kitchen,3,Friday,0,Morning,1,85,271.3,298.75,95.0
2023-03-03,Hell's Kitchen,3,Friday,0,Afternoon,2,153,490.05,271.3,85.0
2023-03-03,Hell's Kitchen,3,Friday,0,Evening,3,90,276.2,490.05,153.0
2023-03-04,Hell's Kitchen,3,Saturday,1,Morning,1,91,288.95,276.2,90.0
2023-03-04,Hell's Kitchen,3,Saturday,1,Afternoon,2,116,355.05,288.95,91.0
2023-03-04,Hell's Kitchen,3,Saturday,1,Evening,3,74,224.4,355.05,116.0
2023-03-05,Hell's Kitchen,3,Sunday,1,Morning,1,104,329.65,224.4,74.0
2023-03-05,Hell's Kitchen,3,Sunday,1,Afternoon,2,122,356.45,329.65,104.0
2023-03-05,Hell's Kitchen,3,Sunday,1,Evening,3,73,217.9,356.45,122.0
2023-03-06,Hell's Kitchen,3,Monday,0,Morning,1,107,325.35,217.9,73.0
2023-03-06,Hell's Kitchen,3,Monday,0,Afternoon,2,140,430.95,325.35,107.0
2023-03-06,Hell's Kitchen,3,Monday,0,Evening,3,59,178.65,430.95,140.0
2023-03-07,Hell's Kitchen,3,Tuesday,0,Morning,1,208,648.85,178.65,59.0
2023-03-07,Hell's Kitchen,3,Tuesday,0,Afternoon,2,76,217.7,648.85,208.0
2023-03-07,Hell's Kitchen,3,Tuesday,0,Evening,3,90,269.5,217.7,76.0
2023-03-08,Hell's Kitchen,3,Wednesday,0,Morning,1,239,783.2,269.5,90.0
2023-03-08,Hell's Kitchen,3,Wednesday,0,Afternoon,2,70,218.78,783.2,239.0
2023-03-08,Hell's Kitchen,3,Wednesday,0,Evening,3,48,182.1,218.78,70.0
2023-03-09,Hell's Kitchen,3,Thursday,0,Morning,1,267,851.1,182.1,48.0
2023-03-09,Hell's Kitchen,3,Thursday,0,Afternoon,2,71,238.9,851.1,267.0
2023-03-09,Hell's Kitchen,3,Thursday,0,Evening,3,61,178.7,238.9,71.0
2023-03-10,Hell's Kitchen,3,Friday,0,Morning,1,246,823.93,178.7,61.0
2023-03-10,Hell's Kitchen,3,Friday,0,Afternoon,2,86,267.7,823.93,246.0
2023-03-10,Hell's Kitchen,3,Friday,0,Evening,3,52,160.55,267.7,86.0
2023-03-11,Hell's Kitchen,3,Saturday,1,Morning,1,241,770.45,160.55,52.0
2023-03-11,Hell's Kitchen,3,Saturday,1,Afternoon,2,71,223.95,770.45,241.0
2023-03-11,Hell's Kitchen,3,Saturday,1,Evening,3,51,146.4,223.95,71.0
2023-03-12,Hell's Kitchen,3,Sunday,1,Morning,1,231,768.75,146.4,51.0
2023-03-12,Hell's Kitchen,3,Sunday,1,Afternoon,2,78,293.0,768.75,231.0
2023-03-12,Hell's Kitchen,3,Sunday,1,Evening,3,61,216.3,293.0,78.0
2023-03-13,Hell's Kitchen,3,Monday,0,Morning,1,259,907.8,216.3,61.0
2023-03-13,Hell's Kitchen,3,Monday,0,Afternoon,2,100,347.15,907.8,259.0
2023-03-13,Hell's Kitchen,3,Monday,0,Evening,3,64,185.95,347.15,100.0
2023-03-14,Hell's Kitchen,3,Tuesday,0,Morning,1,269,949.28,185.95,64.0
2023-03-14,Hell's Kitchen,3,Tuesday,0,Afternoon,2,66,260.6,949.28,269.0
2023-03-14,Hell's Kitchen,3,Tuesday,0,Evening,3,45,169.95,260.6,66.0
2023-03-15,Hell's Kitchen,3,Wednesday,0,Morning,1,206,639.25,169.95,45.0
2023-03-15,Hell's Kitchen,3,Wednesday,0,Afternoon,2,57,199.78,639.25,206.0
2023-03-15,Hell's Kitchen,3,Wednesday,0,Evening,3,54,166.25,199.78,57.0
2023-03-16,Hell's Kitchen,3,Thursday,0,Morning,1,255,855.13,166.25,54.0
2023-03-16,Hell's Kitchen,3,Thursday,0,Afternoon,2,57,176.05,855.13,255.0
2023-03-16,Hell's Kitchen,3,Thursday,0,Evening,3,38,111.25,176.05,57.0
2023-03-17,Hell's Kitchen,3,Friday,0,Morning,1,167,559.9,111.25,38.0
2023-03-17,Hell's Kitchen,3,Friday,0,Afternoon,2,46,159.9,559.9,167.0
2023-03-17,Hell's Kitchen,3,Friday,0,Evening,3,23,68.65,159.9,46.0
2023-03-18,Hell's Kitchen,3,Saturday,1,Morning,1,237,825.25,68.65,23.0
2023-03-18,Hell's Kitchen,3,Saturday,1,Afternoon,2,67,223.1,825.25,237.0
2023-03-18,Hell's Kitchen,3,Saturday,1,Evening,3,33,114.89999999999999,223.1,67.0
2023-03-19,Hell's Kitchen,3,Sunday,1,Morning,1,241,792.98,114.89999999999999,33.0
2023-03-19,Hell's Kitchen,3,Sunday,1,Afternoon,2,62,178.3,792.98,241.0
2023-03-19,Hell's Kitchen,3,Sunday,1,Evening,3,37,113.9,178.3,62.0
2023-03-20,Hell's Kitchen,3,Monday,0,Morning,1,217,706.55,113.9,37.0
2023-03-20,Hell's Kitchen,3,Monday,0,Afternoon,2,80,264.05,706.55,217.0
2023-03-20,Hell's Kitchen,3,Monday,0,Evening,3,54,143.5,264.05,80.0
2023-03-21,Hell's Kitchen,3,Tuesday,0,Morning,1,243,844.4,143.5,54.0
2023-03-21,Hell's Kitchen,3,Tuesday,0,Afternoon,2,87,252.2,844.4,243.0
2023-03-21,Hell's Kitchen,3,Tuesday,0,Evening,3,64,220.1,252.2,87.0
2023-03-22,Hell's Kitchen,3,Wednesday,0,Morning,1,158,548.1,220.1,64.0
2023-03-22,Hell's Kitchen,3,Wednesday,0,Afternoon,2,67,207.05,548.1,158.0
2023-03-22,Hell's Kitchen,3,Wednesday,0,Evening,3,52,168.75,207.05,67.0
2023-03-23,Hell's Kitchen,3,Thursday,0,Morning,1,211,785.38,168.75,52.0
2023-03-23,Hell's Kitchen,3,Thursday,0,Afternoon,2,64,209.35,785.38,211.0
2023-03-23,Hell's Kitchen,3,Thursday,0,Evening,3,50,147.6,209.35,64.0
2023-03-24,Hell's Kitchen,3,Friday,0,Morning,1,188,624.65,147.6,50.0
2023-03-24,Hell's Kitchen,3,Friday,0,Afternoon,2,74,243.55,624.65,188.0
2023-03-24,Hell's Kitchen,3,Friday,0,Evening,3,38,147.7,243.55,74.0
2023-03-25,Hell's Kitchen,3,Saturday,1,Morning,1,185,638.9,147.7,38.0
2023-03-25,Hell's Kitchen,3,Saturday,1,Afternoon,2,77,256.15,638.9,185.0
2023-03-25,Hell's Kitchen,3,Saturday,1,Evening,3,35,111.25,256.15,77.0
2023-03-26,Hell's Kitchen,3,Sunday,1,Morning,1,179,617.1,111.25,35.0
2023-03-26,Hell's Kitchen,3,Sunday,1,Afternoon,2,62,209.15,617.1,179.0
2023-03-26,Hell's Kitchen,3,Sunday,1,Evening,3,46,145.38,209.15,62.0
2023-03-27,Hell's Kitchen,3,Monday,0,Morning,1,238,675.95,145.38,46.0
2023-03-27,Hell's Kitchen,3,Monday,0,Afternoon,2,80,220.55,675.95,238.0
2023-03-27,Hell's Kitchen,3,Monday,0,Evening,3,62,164.1,220.55,80.0
2023-03-28,Hell's Kitchen,3,Tuesday,0,Morning,1,84,262.6,164.1,62.0
2023-03-28,Hell's Kitchen,3,Tuesday,0,Afternoon,2,124,405.25,262.6,84.0
2023-03-28,Hell's Kitchen,3,Tuesday,0,Evening,3,72,224.7,405.25,124.0
2023-03-29,Hell's Kitchen,3,Wednesday,0,Morning,1,73,224.75,224.7,72.0
2023-03-29,Hell's Kitchen,3,Wednesday,0,Afternoon,2,100,299.5,224.75,73.0
2023-03-29,Hell's Kitchen,3,Wednesday,0,Evening,3,48,148.65,299.5,100.0
2023-03-30,Hell's Kitchen,3,Thursday,0,Morning,1,192,654.28,148.65,48.0
2023-03-30,Hell's Kitchen,3,Thursday,0,Afternoon,2,59,220.45,654.28,192.0
2023-03-30,Hell's Kitchen,3,Thursday,0,Evening,3,40,124.25,220.45,59.0
2023-03-31,Hell's Kitchen,3,Friday,0,Morning,1,201,668.0,124.25,40.0
2023-03-31,Hell's Kitchen,3,Friday,0,Afternoon,2,50,141.5,668.0,201.0
2023-03-31,Hell's Kitchen,3,Friday,0,Evening,3,39,113.9,141.5,50.0
2023-04-01,Hell's Kitchen,4,Saturday,1,Morning,1,113,353.15,113.9,39.0
2023-04-01,Hell's Kitchen,4,Saturday,1,Afternoon,2,158,487.15,353.15,113.0
2023-04-01,Hell's Kitchen,4,Saturday,1,Evening,3,119,375.05,487.15,158.0
2023-04-02,Hell's Kitchen,4,Sunday,1,Morning,1,123,379.55,375.05,119.0
2023-04-02,Hell's Kitchen,4,Sunday,1,Afternoon,2,175,541.25,379.55,123.0
2023-04-02,Hell's Kitchen,4,Sunday,1,Evening,3,101,301.5,541.25,175.0
2023-04-03,Hell's Kitchen,4,Monday,0,Morning,1,115,367.25,301.5,101.0
2023-04-03,Hell's Kitchen,4,Monday,0,Afternoon,2,165,512.3,367.25,115.0
2023-04-03,Hell's Kitchen,4,Monday,0,Evening,3,87,264.45,512.3,165.0
2023-04-04,Hell's Kitchen,4,Tuesday,0,Morning,1,131,392.35,264.45,87.0
2023-04-04,Hell's Kitchen,4,Tuesday,0,Afternoon,2,127,386.7,392.35,131.0
2023-04-04,Hell's Kitchen,4,Tuesday,0,Evening,3,97,305.5,386.7,127.0
2023-04-05,Hell's Kitchen,4,Wednesday,0,Morning,1,120,385.9,305.5,97.0
2023-04-05,Hell's Kitchen,4,Wednesday,0,Afternoon,2,149,449.1,385.9,120.0
2023-04-05,Hell's Kitchen,4,Wednesday,0,Evening,3,87,273.3,449.1,149.0
2023-04-06,Hell's Kitchen,4,Thursday,0,Morning,1,113,331.8,273.3,87.0
2023-04-06,Hell's Kitchen,4,Thursday,0,Afternoon,2,177,539.75,331.8,113.0
2023-04-06,Hell's Kitchen,4,Thursday,0,Evening,3,99,295.45,539.75,177.0
2023-04-07,Hell's Kitchen,4,Friday,0,Morning,1,288,927.6,295.45,99.0
2023-04-07,Hell's Kitchen,4,Friday,0,Afternoon,2,108,333.6,927.6,288.0
2023-04-07,Hell's Kitchen,4,Friday,0,Evening,3,94,268.25,333.6,108.0
2023-04-08,Hell's Kitchen,4,Saturday,1,Morning,1,290,953.05,268.25,94.0
2023-04-08,Hell's Kitchen,4,Saturday,1,Afternoon,2,109,337.23,953.05,290.0
2023-04-08,Hell's Kitchen,4,Saturday,1,Evening,3,44,137.5,337.23,109.0
2023-04-09,Hell's Kitchen,4,Sunday,1,Morning,1,302,927.15,137.5,44.0
2023-04-09,Hell's Kitchen,4,Sunday,1,Afternoon,2,99,332.8,927.15,302.0
2023-04-09,Hell's Kitchen,4,Sunday,1,Evening,3,59,171.45,332.8,99.0
2023-04-10,Hell's Kitchen,4,Monday,0,Morning,1,277,945.05,171.45,59.0
2023-04-10,Hell's Kitchen,4,Monday,0,Afternoon,2,93,306.05,945.05,277.0
2023-04-10,Hell's Kitchen,4,Monday,0,Evening,3,55,159.95,306.05,93.0
2023-04-11,Hell's Kitchen,4,Tuesday,0,Morning,1,273,911.38,159.95,55.0
2023-04-11,Hell's Kitchen,4,Tuesday,0,Afternoon,2,94,281.25,911.38,273.0
2023-04-11,Hell's Kitchen,4,Tuesday,0,Evening,3,53,169.4,281.25,94.0
2023-04-12,Hell's Kitchen,4,Wednesday,0,Morning,1,280,896.15,169.4,53.0
2023-04-12,Hell's Kitchen,4,Wednesday,0,Afternoon,2,120,422.45,896.15,280.0
2023-04-12,Hell's Kitchen,4,Wednesday,0,Evening,3,76,250.4,422.45,120.0
2023-04-13,Hell's Kitchen,4,Thursday,0,Morning,1,347,1132.0,250.4,76.0
2023-04-13,Hell's Kitchen,4,Thursday,0,Afternoon,2,115,383.6,1132.0,347.0
2023-04-13,Hell's Kitchen,4,Thursday,0,Evening,3,85,281.8,383.6,115.0
2023-04-14,Hell's Kitchen,4,Friday,0,Morning,1,338,1254.08,281.8,85.0
2023-04-14,Hell's Kitchen,4,Friday,0,Afternoon,2,62,220.05,1254.08,338.0
2023-04-14,Hell's Kitchen,4,Friday,0,Evening,3,83,344.33,220.05,62.0
2023-04-15,Hell's Kitchen,4,Saturday,1,Morning,1,252,830.7,344.33,83.0
2023-04-15,Hell's Kitchen,4,Saturday,1,Afternoon,2,70,248.28,830.7,252.0
2023-04-15,Hell's Kitchen,4,Saturday,1,Evening,3,50,150.1,248.28,70.0
2023-04-16,Hell's Kitchen,4,Sunday,1,Morning,1,343,1202.68,150.1,50.0
2023-04-16,Hell's Kitchen,4,Sunday,1,Afternoon,2,70,209.95,1202.68,343.0
2023-04-16,Hell's Kitchen,4,Sunday,1,Evening,3,48,142.8,209.95,70.0
2023-04-17,Hell's Kitchen,4,Monday,0,Morning,1,228,1404.65,142.8,48.0
2023-04-17,Hell's Kitchen,4,Monday,0,Afternoon,2,45,181.3,1404.65,228.0
2023-04-17,Hell's Kitchen,4,Monday,0,Evening,3,18,52.5,181.3,45.0
2023-04-18,Hell's Kitchen,4,Tuesday,0,Morning,1,337,1157.2,52.5,18.0
2023-04-18,Hell's Kitchen,4,Tuesday,0,Afternoon,2,76,236.15,1157.2,337.0
2023-04-18,Hell's Kitchen,4,Tuesday,0,Evening,3,57,187.25,236.15,76.0
2023-04-19,Hell's Kitchen,4,Wednesday,0,Morning,1,291,1017.33,187.25,57.0
2023-04-19,Hell's Kitchen,4,Wednesday,0,Afternoon,2,90,292.5,1017.33,291.0
2023-04-19,Hell's Kitchen,4,Wednesday,0,Evening,3,37,139.35,292.5,90.0
2023-04-20,Hell's Kitchen,4,Thursday,0,Morning,1,281,859.05,139.35,37.0
2023-04-20,Hell's Kitchen,4,Thursday,0,Afternoon,2,92,292.0,859.05,281.0
2023-04-20,Hell's Kitchen,4,Thursday,0,Evening,3,49,166.35,292.0,92.0
2023-04-21,Hell's Kitchen,4,Friday,0,Morning,1,292,992.55,166.35,49.0
2023-04-21,Hell's Kitchen,4,Friday,0,Afternoon,2,99,309.05,992.55,292.0
2023-04-21,Hell's Kitchen,4,Friday,0,Evening,3,75,220.25,309.05,99.0
2023-04-22,Hell's Kitchen,4,Saturday,1,Morning,1,181,637.4,220.25,75.0
2023-04-22,Hell's Kitchen,4,Saturday,1,Afternoon,2,83,251.5,637.4,181.0
2023-04-22,Hell's Kitchen,4,Saturday,1,Evening,3,51,146.55,251.5,83.0
2023-04-23,Hell's Kitchen,4,Sunday,1,Morning,1,263,983.13,146.55,51.0
2023-04-23,Hell's Kitchen,4,Sunday,1,Afternoon,2,78,255.45,983.13,263.0
2023-04-23,Hell's Kitchen,4,Sunday,1,Evening,3,55,175.9,255.45,78.0
2023-04-24,Hell's Kitchen,4,Monday,0,Morning,1,210,725.55,175.9,55.0
2023-04-24,Hell's Kitchen,4,Monday,0,Afternoon,2,88,273.3,725.55,210.0
2023-04-24,Hell's Kitchen,4,Monday,0,Evening,3,50,167.9,273.3,88.0
2023-04-25,Hell's Kitchen,4,Tuesday,0,Morning,1,233,778.55,167.9,50.0
2023-04-25,Hell's Kitchen,4,Tuesday,0,Afternoon,2,100,362.85,778.55,233.0
2023-04-25,Hell's Kitchen,4,Tuesday,0,Evening,3,43,143.15,362.85,100.0
2023-04-26,Hell's Kitchen,4,Wednesday,0,Morning,1,251,907.2,143.15,43.0
2023-04-26,Hell's Kitchen,4,Wednesday,0,Afternoon,2,93,313.75,907.2,251.0
2023-04-26,Hell's Kitchen,4,Wednesday,0,Evening,3,73,206.55,313.75,93.0
2023-04-27,Hell's Kitchen,4,Thursday,0,Morning,1,273,777.8,206.55,73.0
2023-04-27,Hell's Kitchen,4,Thursday,0,Afternoon,2,107,298.85,777.8,273.0
2023-04-27,Hell's Kitchen,4,Thursday,0,Evening,3,82,224.8,298.85,107.0
2023-04-28,Hell's Kitchen,4,Friday,0,Morning,1,108,342.15,224.8,82.0
2023-04-28,Hell's Kitchen,4,Friday,0,Afternoon,2,153,495.85,342.15,108.0
2023-04-28,Hell's Kitchen,4,Friday,0,Evening,3,83,251.95,495.85,153.0
2023-04-29,Hell's Kitchen,4,Saturday,1,Morning,1,84,248.55,251.95,83.0
2023-04-29,Hell's Kitchen,4,Saturday,1,Afternoon,2,145,446.5,248.55,84.0
2023-04-29,Hell's Kitchen,4,Saturday,1,Evening,3,61,197.5,446.5,145.0
2023-04-30,Hell's Kitchen,4,Sunday,1,Morning,1,239,781.8,197.5,61.0
2023-04-30,Hell's Kitchen,4,Sunday,1,Afternoon,2,60,179.8,781.8,239.0
2023-04-30,Hell's Kitchen,4,Sunday,1,Evening,3,47,149.8,179.8,60.0
2023-05-01,Hell's Kitchen,5,Monday,0,Morning,1,159,503.25,149.8,47.0
2023-05-01,Hell's Kitchen,5,Monday,0,Afternoon,2,207,630.95,503.25,159.0
2023-05-01,Hell's Kitchen,5,Monday,0,Evening,3,146,464.2,630.95,207.0
2023-05-02,Hell's Kitchen,5,Tuesday,0,Morning,1,163,509.45,464.2,146.0
2023-05-02,Hell's Kitchen,5,Tuesday,0,Afternoon,2,210,635.55,509.45,163.0
2023-05-02,Hell's Kitchen,5,Tuesday,0,Evening,3,144,445.55,635.55,210.0
2023-05-03,Hell's Kitchen,5,Wednesday,0,Morning,1,158,487.0,445.55,144.0
2023-05-03,Hell's Kitchen,5,Wednesday,0,Afternoon,2,203,640.2,487.0,158.0
2023-05-03,Hell's Kitchen,5,Wednesday,0,Evening,3,142,425.3,640.2,203.0
2023-05-04,Hell's Kitchen,5,Thursday,0,Morning,1,152,478.85,425.3,142.0
2023-05-04,Hell's Kitchen,5,Thursday,0,Afternoon,2,191,592.05,478.85,152.0
2023-05-04,Hell's Kitchen,5,Thursday,0,Evening,3,124,377.65,592.05,191.0
2023-05-05,Hell's Kitchen,5,Friday,0,Morning,1,157,514.25,377.65,124.0
2023-05-05,Hell's Kitchen,5,Friday,0,Afternoon,2,191,579.9,514.25,157.0
2023-05-05,Hell's Kitchen,5,Friday,0,Evening,3,115,351.55,579.9,191.0
2023-05-06,Hell's Kitchen,5,Saturday,1,Morning,1,128,383.95,351.55,115.0
2023-05-06,Hell's Kitchen,5,Saturday,1,Afternoon,2,221,651.65,383.95,128.0
2023-05-06,Hell's Kitchen,5,Saturday,1,Evening,3,129,397.5,651.65,221.0
2023-05-07,Hell's Kitchen,5,Sunday,1,Morning,1,368,1154.15,397.5,129.0
2023-05-07,Hell's Kitchen,5,Sunday,1,Afternoon,2,118,362.75,1154.15,368.0
2023-05-07,Hell's Kitchen,5,Sunday,1,Evening,3,149,440.65,362.75,118.0
2023-05-08,Hell's Kitchen,5,Monday,0,Morning,1,352,1118.5,440.65,149.0
2023-05-08,Hell's Kitchen,5,Monday,0,Afternoon,2,140,425.68,1118.5,352.0
2023-05-08,Hell's Kitchen,5,Monday,0,Evening,3,68,223.2,425.68,140.0
2023-05-09,Hell's Kitchen,5,Tuesday,0,Morning,1,417,1346.0,223.2,68.0
2023-05-09,Hell's Kitchen,5,Tuesday,0,Afternoon,2,113,356.2,1346.0,417.0
2023-05-09,Hell's Kitchen,5,Tuesday,0,Evening,3,78,214.0,356.2,113.0
2023-05-10,Hell's Kitchen,5,Wednesday,0,Morning,1,382,1304.48,214.0,78.0
2023-05-10,Hell's Kitchen,5,Wednesday,0,Afternoon,2,134,419.45,1304.48,382.0
2023-05-10,Hell's Kitchen,5,Wednesday,0,Evening,3,70,218.7,419.45,134.0
2023-05-11,Hell's Kitchen,5,Thursday,0,Morning,1,366,1291.18,218.7,70.0
2023-05-11,Hell's Kitchen,5,Thursday,0,Afternoon,2,129,393.15,1291.18,366.0
2023-05-11,Hell's Kitchen,5,Thursday,0,Evening,3,67,220.98,393.15,129.0
2023-05-12,Hell's Kitchen,5,Friday,0,Morning,1,354,1185.5,220.98,67.0
2023-05-12,Hell's Kitchen,5,Friday,0,Afternoon,2,132,418.45,1185.5,354.0
2023-05-12,Hell's Kitchen,5,Friday,0,Evening,3,97,292.45,418.45,132.0
2023-05-13,Hell's Kitchen,5,Saturday,1,Morning,1,453,1519.2,292.45,97.0
2023-05-13,Hell's Kitchen,5,Saturday,1,Afternoon,2,132,451.05,1519.2,453.0
2023-05-13,Hell's Kitchen,5,Saturday,1,Evening,3,99,342.35,451.05,132.0
2023-05-14,Hell's Kitchen,5,Sunday,1,Morning,1,404,1375.83,342.35,99.0
2023-05-14,Hell's Kitchen,5,Sunday,1,Afternoon,2,81,309.85,1375.83,404.0
2023-05-14,Hell's Kitchen,5,Sunday,1,Evening,3,76,294.03,309.85,81.0
2023-05-15,Hell's Kitchen,5,Monday,0,Morning,1,334,1118.8,294.03,76.0
2023-05-15,Hell's Kitchen,5,Monday,0,Afternoon,2,83,271.65,1118.8,334.0
2023-05-15,Hell's Kitchen,5,Monday,0,Evening,3,63,202.2,271.65,83.0
2023-05-16,Hell's Kitchen,5,Tuesday,0,Morning,1,392,1354.73,202.2,63.0
2023-05-16,Hell's Kitchen,5,Tuesday,0,Afternoon,2,90,275.85,1354.73,392.0
2023-05-16,Hell's Kitchen,5,Tuesday,0,Evening,3,59,185.2,275.85,90.0
2023-05-17,Hell's Kitchen,5,Wednesday,0,Morning,1,259,1472.35,185.2,59.0
2023-05-17,Hell's Kitchen,5,Wednesday,0,Afternoon,2,63,210.65,1472.35,259.0
2023-05-17,Hell's Kitchen,5,Wednesday,0,Evening,3,37,108.35,210.65,63.0
2023-05-18,Hell's Kitchen,5,Thursday,0,Morning,1,402,1374.48,108.35,37.0
2023-05-18,Hell's Kitchen,5,Thursday,0,Afternoon,2,126,395.1,1374.48,402.0
2023-05-18,Hell's Kitchen,5,Thursday,0,Evening,3,55,179.75,395.1,126.0
2023-05-19,Hell's Kitchen,5,Friday,0,Morning,1,391,1332.13,179.75,55.0
2023-05-19,Hell's Kitchen,5,Friday,0,Afternoon,2,110,368.8,1332.13,391.0
2023-05-19,Hell's Kitchen,5,Friday,0,Evening,3,60,207.9,368.8,110.0
2023-05-20,Hell's Kitchen,5,Saturday,1,Morning,1,365,1223.85,207.9,60.0
2023-05-20,Hell's Kitchen,5,Saturday,1,Afternoon,2,111,375.25,1223.85,365.0
2023-05-20,Hell's Kitchen,5,Saturday,1,Evening,3,92,284.05,375.25,111.0
2023-05-21,Hell's Kitchen,5,Sunday,1,Morning,1,363,1231.63,284.05,92.0
2023-05-21,Hell's Kitchen,5,Sunday,1,Afternoon,2,127,465.6,1231.63,363.0
2023-05-21,Hell's Kitchen,5,Sunday,1,Evening,3,115,387.85,465.6,127.0
2023-05-22,Hell's Kitchen,5,Monday,0,Morning,1,256,904.1,387.85,115.0
2023-05-22,Hell's Kitchen,5,Monday,0,Afternoon,2,119,373.5,904.1,256.0
2023-05-22,Hell's Kitchen,5,Monday,0,Evening,3,67,233.35,373.5,119.0
2023-05-23,Hell's Kitchen,5,Tuesday,0,Morning,1,351,1220.33,233.35,67.0
2023-05-23,Hell's Kitchen,5,Tuesday,0,Afternoon,2,117,384.75,1220.33,351.0
2023-05-23,Hell's Kitchen,5,Tuesday,0,Evening,3,76,230.85,384.75,117.0
2023-05-24,Hell's Kitchen,5,Wednesday,0,Morning,1,255,912.1,230.85,76.0
2023-05-24,Hell's Kitchen,5,Wednesday,0,Afternoon,2,123,396.3,912.1,255.0
2023-05-24,Hell's Kitchen,5,Wednesday,0,Evening,3,66,224.8,396.3,123.0
2023-05-25,Hell's Kitchen,5,Thursday,0,Morning,1,290,1022.1,224.8,66.0
2023-05-25,Hell's Kitchen,5,Thursday,0,Afternoon,2,114,406.95,1022.1,290.0
2023-05-25,Hell's Kitchen,5,Thursday,0,Evening,3,52,168.35,406.95,114.0
2023-05-26,Hell's Kitchen,5,Friday,0,Morning,1,279,977.05,168.35,52.0
2023-05-26,Hell's Kitchen,5,Friday,0,Afternoon,2,94,296.05,977.05,279.0
2023-05-26,Hell's Kitchen,5,Friday,0,Evening,3,78,234.2,296.05,94.0
2023-05-27,Hell's Kitchen,5,Saturday,1,Morning,1,368,1053.95,234.2,78.0
2023-05-27,Hell's Kitchen,5,Saturday,1,Afternoon,2,114,330.75,1053.95,368.0
2023-05-27,Hell's Kitchen,5,Saturday,1,Evening,3,100,270.55,330.75,114.0
2023-05-28,Hell's Kitchen,5,Sunday,1,Morning,1,131,406.7,270.55,100.0
2023-05-28,Hell's Kitchen,5,Sunday,1,Afternoon,2,184,576.3,406.7,131.0
2023-05-28,Hell's Kitchen,5,Sunday,1,Evening,3,89,281.75,576.3,184.0
2023-05-29,Hell's Kitchen,5,Monday,0,Morning,1,132,407.5,281.75,89.0
2023-05-29,Hell's Kitchen,5,Monday,0,Afternoon,2,168,510.05,407.5,132.0
2023-05-29,Hell's Kitchen,5,Monday,0,Evening,3,63,207.6,510.05,168.0
2023-05-30,Hell's Kitchen,5,Tuesday,0,Morning,1,304,1040.1,207.6,63.0
2023-05-30,Hell's Kitchen,5,Tuesday,0,Afternoon,2,85,279.3,1040.1,304.0
2023-05-30,Hell's Kitchen,5,Tuesday,0,Evening,3,37,113.1,279.3,85.0
2023-05-31,Hell's Kitchen,5,Wednesday,0,Morning,1,264,906.65,113.1,37.0
2023-05-31,Hell's Kitchen,5,Wednesday,0,Afternoon,2,96,299.25,906.65,264.0
2023-05-31,Hell's Kitchen,5,Wednesday,0,Evening,3,56,157.85,299.25,96.0
2023-06-01,Hell's Kitchen,6,Thursday,0,Morning,1,178,563.55,157.85,56.0
2023-06-01,Hell's Kitchen,6,Thursday,0,Afternoon,2,238,739.75,563.55,178.0
2023-06-01,Hell's Kitchen,6,Thursday,0,Evening,3,166,525.9,739.75,238.0
2023-06-02,Hell's Kitchen,6,Friday,0,Morning,1,168,511.25,525.9,166.0
2023-06-02,Hell's Kitchen,6,Friday,0,Afternoon,2,230,699.75,511.25,168.0
2023-06-02,Hell's Kitchen,6,Friday,0,Evening,3,157,490.6,699.75,230.0
2023-06-03,Hell's Kitchen,6,Saturday,1,Morning,1,156,482.35,490.6,157.0
2023-06-03,Hell's Kitchen,6,Saturday,1,Afternoon,2,207,649.15,482.35,156.0
2023-06-03,Hell's Kitchen,6,Saturday,1,Evening,3,159,481.3,649.15,207.0
2023-06-04,Hell's Kitchen,6,Sunday,1,Morning,1,190,586.55,481.3,159.0
2023-06-04,Hell's Kitchen,6,Sunday,1,Afternoon,2,215,652.4,586.55,190.0
2023-06-04,Hell's Kitchen,6,Sunday,1,Evening,3,124,389.95,652.4,215.0
2023-06-05,Hell's Kitchen,6,Monday,0,Morning,1,163,517.8,389.95,124.0
2023-06-05,Hell's Kitchen,6,Monday,0,Afternoon,2,228,693.0,517.8,163.0
2023-06-05,Hell's Kitchen,6,Monday,0,Evening,3,104,320.9,693.0,228.0
2023-06-06,Hell's Kitchen,6,Tuesday,0,Morning,1,159,484.5,320.9,104.0
2023-06-06,Hell's Kitchen,6,Tuesday,0,Afternoon,2,245,731.85,484.5,159.0
2023-06-06,Hell's Kitchen,6,Tuesday,0,Evening,3,129,395.05,731.85,245.0
2023-06-07,Hell's Kitchen,6,Wednesday,0,Morning,1,380,1214.1,395.05,129.0
2023-06-07,Hell's Kitchen,6,Wednesday,0,Afternoon,2,147,456.15,1214.1,380.0
2023-06-07,Hell's Kitchen,6,Wednesday,0,Evening,3,125,375.25,456.15,147.0
2023-06-08,Hell's Kitchen,6,Thursday,0,Morning,1,393,1292.13,375.25,125.0
2023-06-08,Hell's Kitchen,6,Thursday,0,Afternoon,2,148,455.93,1292.13,393.0
2023-06-08,Hell's Kitchen,6,Thursday,0,Evening,3,82,280.05,455.93,148.0
2023-06-09,Hell's Kitchen,6,Friday,0,Morning,1,441,1404.0,280.05,82.0
2023-06-09,Hell's Kitchen,6,Friday,0,Afternoon,2,150,479.05,1404.0,441.0
2023-06-09,Hell's Kitchen,6,Friday,0,Evening,3,102,306.55,479.05,150.0
2023-06-10,Hell's Kitchen,6,Saturday,1,Morning,1,395,1317.7,306.55,102.0
2023-06-10,Hell's Kitchen,6,Saturday,1,Afternoon,2,143,439.45,1317.7,395.0
2023-06-10,Hell's Kitchen,6,Saturday,1,Evening,3,74,233.55,439.45,143.0
2023-06-11,Hell's Kitchen,6,Sunday,1,Morning,1,426,1368.98,233.55,74.0
2023-06-11,Hell's Kitchen,6,Sunday,1,Afternoon,2,140,435.5,1368.98,426.0
2023-06-11,Hell's Kitchen,6,Sunday,1,Evening,3,70,198.05,435.5,140.0
2023-06-12,Hell's Kitchen,6,Monday,0,Morning,1,395,1275.75,198.05,70.0
2023-06-12,Hell's Kitchen,6,Monday,0,Afternoon,2,139,430.8,1275.75,395.0
2023-06-12,Hell's Kitchen,6,Monday,0,Evening,3,110,400.05,430.8,139.0
2023-06-13,Hell's Kitchen,6,Tuesday,0,Morning,1,499,1607.45,400.05,110.0
2023-06-13,Hell's Kitchen,6,Tuesday,0,Afternoon,2,146,535.6,1607.45,499.0
2023-06-13,Hell's Kitchen,6,Tuesday,0,Evening,3,124,391.75,535.6,146.0
2023-06-14,Hell's Kitchen,6,Wednesday,0,Morning,1,481,1734.05,391.75,124.0
2023-06-14,Hell's Kitchen,6,Wednesday,0,Afternoon,2,100,391.23,1734.05,481.0
2023-06-14,Hell's Kitchen,6,Wednesday,0,Evening,3,91,371.33,391.23,100.0
2023-06-15,Hell's Kitchen,6,Thursday,0,Morning,1,365,1196.35,371.33,91.0
2023-06-15,Hell's Kitchen,6,Thursday,0,Afternoon,2,105,359.13,1196.35,365.0
2023-06-15,Hell's Kitchen,6,Thursday,0,Evening,3,79,232.7,359.13,105.0
2023-06-16,Hell's Kitchen,6,Friday,0,Morning,1,419,1429.0,232.7,79.0
2023-06-16,Hell's Kitchen,6,Friday,0,Afternoon,2,107,330.3,1429.0,419.0
2023-06-16,Hell's Kitchen,6,Friday,0,Evening,3,71,216.65,330.3,107.0
2023-06-17,Hell's Kitchen,6,Saturday,1,Morning,1,288,1944.5,216.65,71.0
2023-06-17,Hell's Kitchen,6,Saturday,1,Afternoon,2,76,279.25,1944.5,288.0
2023-06-17,Hell's Kitchen,6,Saturday,1,Evening,3,33,96.35,279.25,76.0
2023-06-18,Hell's Kitchen,6,Sunday,1,Morning,1,435,1518.33,96.35,33.0
2023-06-18,Hell's Kitchen,6,Sunday,1,Afternoon,2,129,406.5,1518.33,435.0
2023-06-18,Hell's Kitchen,6,Sunday,1,Evening,3,74,251.1,406.5,129.0
2023-06-19,Hell's Kitchen,6,Monday,0,Morning,1,440,1533.98,251.1,74.0
2023-06-19,Hell's Kitchen,6,Monday,0,Afternoon,2,121,392.0,1533.98,440.0
2023-06-19,Hell's Kitchen,6,Monday,0,Evening,3,63,198.1,392.0,121.0
2023-06-20,Hell's Kitchen,6,Tuesday,0,Morning,1,368,1194.9,198.1,63.0
2023-06-20,Hell's Kitchen,6,Tuesday,0,Afternoon,2,113,392.5,1194.9,368.0
2023-06-20,Hell's Kitchen,6,Tuesday,0,Evening,3,94,298.25,392.5,113.0
2023-06-21,Hell's Kitchen,6,Wednesday,0,Morning,1,413,1441.08,298.25,94.0
2023-06-21,Hell's Kitchen,6,Wednesday,0,Afternoon,2,146,496.7,1441.08,413.0
2023-06-21,Hell's Kitchen,6,Wednesday,0,Evening,3,112,366.05,496.7,146.0
2023-06-22,Hell's Kitchen,6,Thursday,0,Morning,1,270,901.7,366.05,112.0
2023-06-22,Hell's Kitchen,6,Thursday,0,Afternoon,2,123,399.9,901.7,270.0
2023-06-22,Hell's Kitchen,6,Thursday,0,Evening,3,76,255.5,399.9,123.0
2023-06-23,Hell's Kitchen,6,Friday,0,Morning,1,352,1307.18,255.5,76.0
2023-06-23,Hell's Kitchen,6,Friday,0,Afternoon,2,123,386.15,1307.18,352.0
2023-06-23,Hell's Kitchen,6,Friday,0,Evening,3,95,290.75,386.15,123.0
2023-06-24,Hell's Kitchen,6,Saturday,1,Morning,1,296,978.8,290.75,95.0
2023-06-24,Hell's Kitchen,6,Saturday,1,Afternoon,2,141,442.6,978.8,296.0
2023-06-24,Hell's Kitchen,6,Saturday,1,Evening,3,74,269.4,442.6,141.0
2023-06-25,Hell's Kitchen,6,Sunday,1,Morning,1,328,1102.45,269.4,74.0
2023-06-25,Hell's Kitchen,6,Sunday,1,Afternoon,2,121,411.1,1102.45,328.0
2023-06-25,Hell's Kitchen,6,Sunday,1,Evening,3,78,255.65,411.1,121.0
2023-06-26,Hell's Kitchen,6,Monday,0,Morning,1,333,1144.7,255.65,78.0
2023-06-26,Hell's Kitchen,6,Monday,0,Afternoon,2,120,368.35,1144.7,333.0
2023-06-26,Hell's Kitchen,6,Monday,0,Evening,3,75,233.05,368.35,120.0
2023-06-27,Hell's Kitchen,6,Tuesday,0,Morning,1,385,1096.5,233.05,75.0
2023-06-27,Hell's Kitchen,6,Tuesday,0,Afternoon,2,111,321.85,1096.5,385.0
2023-06-27,Hell's Kitchen,6,Tuesday,0,Evening,3,98,258.35,321.85,111.0
2023-06-28,Hell's Kitchen,6,Wednesday,0,Morning,1,146,457.0,258.35,98.0
2023-06-28,Hell's Kitchen,6,Wednesday,0,Afternoon,2,208,658.5,457.0,146.0
2023-06-28,Hell's Kitchen,6,Wednesday,0,Evening,3,105,330.35,658.5,208.0
2023-06-29,Hell's Kitchen,6,Thursday,0,Morning,1,150,455.0,330.35,105.0
2023-06-29,Hell's Kitchen,6,Thursday,0,Afternoon,2,170,520.75,455.0,150.0
2023-06-29,Hell's Kitchen,6,Thursday,0,Evening,3,100,322.8,520.75,170.0
2023-06-30,Hell's Kitchen,6,Friday,0,Morning,1,360,1503.03,322.8,100.0
2023-06-30,Hell's Kitchen,6,Friday,0,Afternoon,2,64,211.15,1503.03,360.0
2023-06-30,Hell's Kitchen,6,Friday,0,Evening,3,54,190.75,211.15,64.0
2023-01-01,Lower Manhattan,1,Sunday,1,Morning,1,119,373.6,0.0,0.0
2023-01-01,Lower Manhattan,1,Sunday,1,Afternoon,2,112,344.45,373.6,119.0
2023-01-01,Lower Manhattan,1,Sunday,1,Evening,3,24,70.3,344.45,112.0
2023-01-02,Lower Manhattan,1,Monday,0,Morning,1,73,214.35,70.3,24.0
2023-01-02,Lower Manhattan,1,Monday,0,Afternoon,2,121,357.75,214.35,73.0
2023-01-02,Lower Manhattan,1,Monday,0,Evening,3,23,76.95,357.75,121.0
2023-01-03,Lower Manhattan,1,Tuesday,0,Morning,1,107,336.25,76.95,23.0
2023-01-03,Lower Manhattan,1,Tuesday,0,Afternoon,2,109,341.25,336.25,107.0
2023-01-03,Lower Manhattan,1,Tuesday,0,Evening,3,25,78.5,341.25,109.0
2023-01-04,Lower Manhattan,1,Wednesday,0,Morning,1,67,197.45,78.5,25.0
2023-01-04,Lower Manhattan,1,Wednesday,0,Afternoon,2,107,326.15,197.45,67.0
2023-01-04,Lower Manhattan,1,Wednesday,0,Evening,3,34,106.6,326.15,107.0
2023-01-05,Lower Manhattan,1,Thursday,0,Morning,1,121,380.05,106.6,34.0
2023-01-05,Lower Manhattan,1,Thursday,0,Afternoon,2,119,365.45,380.05,121.0
2023-01-05,Lower Manhattan,1,Thursday,0,Evening,3,18,55.4,365.45,119.0
2023-01-06,Lower Manhattan,1,Friday,0,Morning,1,114,355.5,55.4,18.0
2023-01-06,Lower Manhattan,1,Friday,0,Afternoon,2,112,344.2,355.5,114.0
2023-01-06,Lower Manhattan,1,Friday,0,Evening,3,30,90.9,344.2,112.0
2023-01-07,Lower Manhattan,1,Saturday,1,Morning,1,203,738.5,90.9,30.0
2023-01-07,Lower Manhattan,1,Saturday,1,Afternoon,2,16,49.75,738.5,203.0
2023-01-08,Lower Manhattan,1,Sunday,1,Morning,1,198,687.3,49.75,16.0
2023-01-08,Lower Manhattan,1,Sunday,1,Afternoon,2,61,172.35,687.3,198.0
2023-01-08,Lower Manhattan,1,Sunday,1,Evening,3,43,112.9,172.35,61.0
2023-01-09,Lower Manhattan,1,Monday,0,Morning,1,188,750.11,112.9,43.0
2023-01-09,Lower Manhattan,1,Monday,0,Afternoon,2,52,169.39,750.11,188.0
2023-01-09,Lower Manhattan,1,Monday,0,Evening,3,22,88.7,169.39,52.0
2023-01-10,Lower Manhattan,1,Tuesday,0,Morning,1,195,677.8,88.7,22.0
2023-01-10,Lower Manhattan,1,Tuesday,0,Afternoon,2,71,223.6,677.8,195.0
2023-01-10,Lower Manhattan,1,Tuesday,0,Evening,3,11,29.15,223.6,71.0
2023-01-11,Lower Manhattan,1,Wednesday,0,Morning,1,159,509.6,29.15,11.0
2023-01-11,Lower Manhattan,1,Wednesday,0,Afternoon,2,76,269.05,509.6,159.0
2023-01-11,Lower Manhattan,1,Wednesday,0,Evening,3,23,62.4,269.05,76.0
2023-01-12,Lower Manhattan,1,Thursday,0,Morning,1,207,595.85,62.4,23.0
2023-01-12,Lower Manhattan,1,Thursday,0,Afternoon,2,66,216.0,595.85,207.0
2023-01-12,Lower Manhattan,1,Thursday,0,Evening,3,29,103.25,216.0,66.0
2023-01-13,Lower Manhattan,1,Friday,0,Morning,1,190,604.6,103.25,29.0
2023-01-13,Lower Manhattan,1,Friday,0,Afternoon,2,82,293.95,604.6,190.0
2023-01-13,Lower Manhattan,1,Friday,0,Evening,3,23,66.65,293.95,82.0
2023-01-14,Lower Manhattan,1,Saturday,1,Morning,1,154,468.5,66.65,23.0
2023-01-14,Lower Manhattan,1,Saturday,1,Afternoon,2,56,228.05,468.5,154.0
2023-01-14,Lower Manhattan,1,Saturday,1,Evening,3,22,78.45,228.05,56.0
2023-01-15,Lower Manhattan,1,Sunday,1,Morning,1,189,587.0,78.45,22.0
2023-01-15,Lower Manhattan,1,Sunday,1,Afternoon,2,83,238.45,587.0,189.0
2023-01-15,Lower Manhattan,1,Sunday,1,Evening,3,10,30.9,238.45,83.0
2023-01-16,Lower Manhattan,1,Monday,0,Morning,1,181,609.28,30.9,10.0
2023-01-16,Lower Manhattan,1,Monday,0,Afternoon,2,69,210.3,609.28,181.0
2023-01-16,Lower Manhattan,1,Monday,0,Evening,3,9,31.1,210.3,69.0
2023-01-17,Lower Manhattan,1,Tuesday,0,Morning,1,172,532.0,31.1,9.0
2023-01-17,Lower Manhattan,1,Tuesday,0,Afternoon,2,63,210.95,532.0,172.0
2023-01-17,Lower Manhattan,1,Tuesday,0,Evening,3,16,45.95,210.95,63.0
2023-01-18,Lower Manhattan,1,Wednesday,0,Morning,1,180,546.68,45.95,16.0
2023-01-18,Lower Manhattan,1,Wednesday,0,Afternoon,2,73,230.45,546.68,180.0
2023-01-18,Lower Manhattan,1,Wednesday,0,Evening,3,16,48.7,230.45,73.0
2023-01-19,Lower Manhattan,1,Thursday,0,Morning,1,158,476.85,48.7,16.0
2023-01-19,Lower Manhattan,1,Thursday,0,Afternoon,2,72,255.6,476.85,158.0
2023-01-19,Lower Manhattan,1,Thursday,0,Evening,3,22,55.6,255.6,72.0
2023-01-20,Lower Manhattan,1,Friday,0,Morning,1,184,552.3,55.6,22.0
2023-01-20,Lower Manhattan,1,Friday,0,Afternoon,2,59,161.75,552.3,184.0
2023-01-20,Lower Manhattan,1,Friday,0,Evening,3,25,77.5,161.75,59.0
2023-01-21,Lower Manhattan,1,Saturday,1,Morning,1,218,720.1,77.5,25.0
2023-01-21,Lower Manhattan,1,Saturday,1,Afternoon,2,70,272.2,720.1,218.0
2023-01-21,Lower Manhattan,1,Saturday,1,Evening,3,7,22.7,272.2,70.0
2023-01-22,Lower Manhattan,1,Sunday,1,Morning,1,223,687.78,22.7,7.0
2023-01-22,Lower Manhattan,1,Sunday,1,Afternoon,2,74,219.05,687.78,223.0
2023-01-22,Lower Manhattan,1,Sunday,1,Evening,3,35,96.25,219.05,74.0
2023-01-23,Lower Manhattan,1,Monday,0,Morning,1,174,557.95,96.25,35.0
2023-01-23,Lower Manhattan,1,Monday,0,Afternoon,2,74,222.2,557.95,174.0
2023-01-23,Lower Manhattan,1,Monday,0,Evening,3,41,118.6,222.2,74.0
2023-01-24,Lower Manhattan,1,Tuesday,0,Morning,1,240,788.65,118.6,41.0
2023-01-24,Lower Manhattan,1,Tuesday,0,Afternoon,2,97,283.55,788.65,240.0
2023-01-24,Lower Manhattan,1,Tuesday,0,Evening,3,12,33.6,283.55,97.0
2023-01-25,Lower Manhattan,1,Wednesday,0,Morning,1,205,678.95,33.6,12.0
2023-01-25,Lower Manhattan,1,Wednesday,0,Afternoon,2,109,328.8,678.95,205.0
2023-01-25,Lower Manhattan,1,Wednesday,0,Evening,3,20,56.1,328.8,109.0
2023-01-26,Lower Manhattan,1,Thursday,0,Morning,1,237,789.5,56.1,20.0
2023-01-26,Lower Manhattan,1,Thursday,0,Afternoon,2,51,150.25,789.5,237.0
2023-01-26,Lower Manhattan,1,Thursday,0,Evening,3,36,127.6,150.25,51.0
2023-01-27,Lower Manhattan,1,Friday,0,Morning,1,212,716.15,127.6,36.0
2023-01-27,Lower Manhattan,1,Friday,0,Afternoon,2,102,324.7,716.15,212.0
2023-01-27,Lower Manhattan,1,Friday,0,Evening,3,35,102.65,324.7,102.0
2023-01-28,Lower Manhattan,1,Saturday,1,Morning,1,89,266.8,102.65,35.0
2023-01-28,Lower Manhattan,1,Saturday,1,Afternoon,2,93,284.4,266.8,89.0
2023-01-28,Lower Manhattan,1,Saturday,1,Evening,3,19,53.0,284.4,93.0
2023-01-29,Lower Manhattan,1,Sunday,1,Morning,1,80,254.25,53.0,19.0
2023-01-29,Lower Manhattan,1,Sunday,1,Afternoon,2,91,290.55,254.25,80.0
2023-01-29,Lower Manhattan,1,Sunday,1,Evening,3,25,83.1,290.55,91.0
2023-01-30,Lower Manhattan,1,Monday,0,Morning,1,145,542.48,83.1,25.0
2023-01-30,Lower Manhattan,1,Monday,0,Afternoon,2,53,161.18,542.48,145.0
2023-01-30,Lower Manhattan,1,Monday,0,Evening,3,11,33.75,161.18,53.0
2023-01-31,Lower Manhattan,1,Tuesday,0,Morning,1,145,531.78,33.75,11.0
2023-01-31,Lower Manhattan,1,Tuesday,0,Afternoon,2,53,201.55,531.78,145.0
2023-01-31,Lower Manhattan,1,Tuesday,0,Evening,3,10,30.9,201.55,53.0
2023-02-01,Lower Manhattan,2,Wednesday,0,Morning,1,102,309.75,30.9,10.0
2023-02-01,Lower Manhattan,2,Wednesday,0,Afternoon,2,119,370.3,309.75,102.0
2023-02-01,Lower Manhattan,2,Wednesday,0,Evening,3,34,103.15,370.3,119.0
2023-02-02,Lower Manhattan,2,Thursday,0,Morning,1,87,265.0,103.15,34.0
2023-02-02,Lower Manhattan,2,Thursday,0,Afternoon,2,108,318.1,265.0,87.0
2023-02-02,Lower Manhattan,2,Thursday,0,Evening,3,30,95.05,318.1,108.0
2023-02-03,Lower Manhattan,2,Friday,0,Morning,1,102,303.15,95.05,30.0
2023-02-03,Lower Manhattan,2,Friday,0,Afternoon,2,112,361.65,303.15,102.0
2023-02-03,Lower Manhattan,2,Friday,0,Evening,3,28,90.45,361.65,112.0
2023-02-04,Lower Manhattan,2,Saturday,1,Morning,1,109,326.25,90.45,28.0
2023-02-04,Lower Manhattan,2,Saturday,1,Afternoon,2,130,408.35,326.25,109.0
2023-02-04,Lower Manhattan,2,Saturday,1,Evening,3,46,146.5,408.35,130.0
2023-02-05,Lower Manhattan,2,Sunday,1,Morning,1,122,375.55,146.5,46.0
2023-02-05,Lower Manhattan,2,Sunday,1,Afternoon,2,88,275.0,375.55,122.0
2023-02-05,Lower Manhattan,2,Sunday,1,Evening,3,22,73.55,275.0,88.0
2023-02-06,Lower Manhattan,2,Monday,0,Morning,1,98,303.6,73.55,22.0
2023-02-06,Lower Manhattan,2,Monday,0,Afternoon,2,100,317.6,303.6,98.0
2023-02-06,Lower Manhattan,2,Monday,0,Evening,3,41,130.7,317.6,100.0
2023-02-07,Lower Manhattan,2,Tuesday,0,Morning,1,212,709.75,130.7,41.0
2023-02-07,Lower Manhattan,2,Tuesday,0,Afternoon,2,10,27.25,709.75,212.0
2023-02-08,Lower Manhattan,2,Wednesday,0,Morning,1,186,615.95,27.25,10.0
2023-02-08,Lower Manhattan,2,Wednesday,0,Afternoon,2,66,183.55,615.95,186.0
2023-02-08,Lower Manhattan,2,Wednesday,0,Evening,3,31,84.2,183.55,66.0
2023-02-09,Lower Manhattan,2,Thursday,0,Morning,1,160,590.32,84.2,31.0
2023-02-09,Lower Manhattan,2,Thursday,0,Afternoon,2,46,155.21,590.32,160.0
2023-02-09,Lower Manhattan,2,Thursday,0,Evening,3,38,139.05,155.21,46.0
2023-02-10,Lower Manhattan,2,Friday,0,Morning,1,208,652.35,139.05,38.0
2023-02-10,Lower Manhattan,2,Friday,0,Afternoon,2,76,276.85,652.35,208.0
2023-02-10,Lower Manhattan,2,Friday,0,Evening,3,11,32.1,276.85,76.0
2023-02-11,Lower Manhattan,2,Saturday,1,Morning,1,182,574.75,32.1,11.0
2023-02-11,Lower Manhattan,2,Saturday,1,Afternoon,2,69,210.73,574.75,182.0
2023-02-11,Lower Manhattan,2,Saturday,1,Evening,3,14,40.0,210.73,69.0
2023-02-12,Lower Manhattan,2,Sunday,1,Morning,1,214,617.4,40.0,14.0
2023-02-12,Lower Manhattan,2,Sunday,1,Afternoon,2,91,349.95,617.4,214.0
2023-02-12,Lower Manhattan,2,Sunday,1,Evening,3,34,120.25,349.95,91.0
2023-02-13,Lower Manhattan,2,Monday,0,Morning,1,217,647.58,120.25,34.0
2023-02-13,Lower Manhattan,2,Monday,0,Afternoon,2,83,285.3,647.58,217.0
2023-02-13,Lower Manhattan,2,Monday,0,Evening,3,29,85.55,285.3,83.0
2023-02-14,Lower Manhattan,2,Tuesday,0,Morning,1,178,573.53,85.55,29.0
2023-02-14,Lower Manhattan,2,Tuesday,0,Afternoon,2,49,158.3,573.53,178.0
2023-02-14,Lower Manhattan,2,Tuesday,0,Evening,3,10,31.4,158.3,49.0
2023-02-15,Lower Manhattan,2,Wednesday,0,Morning,1,178,566.65,31.4,10.0
2023-02-15,Lower Manhattan,2,Wednesday,0,Afternoon,2,58,206.65,566.65,178.0
2023-02-15,Lower Manhattan,2,Wednesday,0,Evening,3,13,49.55,206.65,58.0
2023-02-16,Lower Manhattan,2,Thursday,0,Morning,1,171,596.65,49.55,13.0
2023-02-16,Lower Manhattan,2,Thursday,0,Afternoon,2,80,278.45,596.65,171.0
2023-02-16,Lower Manhattan,2,Thursday,0,Evening,3,15,48.7,278.45,80.0
2023-02-17,Lower Manhattan,2,Friday,0,Morning,1,154,479.2,48.7,15.0
2023-02-17,Lower Manhattan,2,Friday,0,Afternoon,2,58,166.55,479.2,154.0
2023-02-17,Lower Manhattan,2,Friday,0,Evening,3,17,49.8,166.55,58.0
2023-02-18,Lower Manhattan,2,Saturday,1,Morning,1,140,442.9,49.8,17.0
2023-02-18,Lower Manhattan,2,Saturday,1,Afternoon,2,83,272.85,442.9,140.0
2023-02-18,Lower Manhattan,2,Saturday,1,Evening,3,10,30.7,272.85,83.0
2023-02-19,Lower Manhattan,2,Sunday,1,Morning,1,175,585.05,30.7,10.0
2023-02-19,Lower Manhattan,2,Sunday,1,Afternoon,2,81,253.5,585.05,175.0
2023-02-19,Lower Manhattan,2,Sunday,1,Evening,3,19,52.45,253.5,81.0
2023-02-20,Lower Manhattan,2,Monday,0,Morning,1,223,696.85,52.45,19.0
2023-02-20,Lower Manhattan,2,Monday,0,Afternoon,2,94,289.0,696.85,223.0
2023-02-20,Lower Manhattan,2,Monday,0,Evening,3,19,70.9,289.0,94.0
2023-02-21,Lower Manhattan,2,Tuesday,0,Morning,1,188,626.6,70.9,19.0
2023-02-21,Lower Manhattan,2,Tuesday,0,Afternoon,2,66,259.45,626.6,188.0
2023-02-21,Lower Manhattan,2,Tuesday,0,Evening,3,22,68.35,259.45,66.0
2023-02-22,Lower Manhattan,2,Wednesday,0,Morning,1,208,707.95,68.35,22.0
2023-02-22,Lower Manhattan,2,Wednesday,0,Afternoon,2,89,280.25,707.95,208.0
2023-02-22,Lower Manhattan,2,Wednesday,0,Evening,3,26,72.3,280.25,89.0
2023-02-23,Lower Manhattan,2,Thursday,0,Morning,1,218,662.13,72.3,26.0
2023-02-23,Lower Manhattan,2,Thursday,0,Afternoon,2,72,235.05,662.13,218.0
2023-02-23,Lower Manhattan,2,Thursday,0,Evening,3,21,55.55,235.05,72.0
2023-02-24,Lower Manhattan,2,Friday,0,Morning,1,243,763.8,55.55,21.0
2023-02-24,Lower Manhattan,2,Friday,0,Afternoon,2,113,327.65,763.8,243.0
2023-02-24,Lower Manhattan,2,Friday,0,Evening,3,17,47.25,327.65,113.0
2023-02-25,Lower Manhattan,2,Saturday,1,Morning,1,253,817.7,47.25,17.0
2023-02-25,Lower Manhattan,2,Saturday,1,Afternoon,2,89,262.15,817.7,253.0
2023-02-25,Lower Manhattan,2,Saturday,1,Evening,3,25,76.8,262.15,89.0
2023-02-26,Lower Manhattan,2,Sunday,1,Morning,1,210,658.3,76.8,25.0
2023-02-26,Lower Manhattan,2,Sunday,1,Afternoon,2,80,290.35,658.3,210.0
2023-02-26,Lower Manhattan,2,Sunday,1,Evening,3,9,48.75,290.35,80.0
2023-02-27,Lower Manhattan,2,Monday,0,Morning,1,276,934.55,48.75,9.0
2023-02-27,Lower Manhattan,2,Monday,0,Afternoon,2,130,459.0,934.55,276.0
2023-02-27,Lower Manhattan,2,Monday,0,Evening,3,28,75.7,459.0,130.0
2023-02-28,Lower Manhattan,2,Tuesday,0,Morning,1,105,327.45,75.7,28.0
2023-02-28,Lower Manhattan,2,Tuesday,0,Afternoon,2,108,332.05,327.45,105.0
2023-02-28,Lower Manhattan,2,Tuesday,0,Evening,3,19,59.5,332.05,108.0
2023-03-01,Lower Manhattan,3,Wednesday,0,Morning,1,144,460.9,59.5,19.0
2023-03-01,Lower Manhattan,3,Wednesday,0,Afternoon,2,132,415.7,460.9,144.0
2023-03-01,Lower Manhattan,3,Wednesday,0,Evening,3,34,102.1,415.7,132.0
2023-03-02,Lower Manhattan,3,Thursday,0,Morning,1,95,297.85,102.1,34.0
2023-03-02,Lower Manhattan,3,Thursday,0,Afternoon,2,150,469.05,297.85,95.0
2023-03-02,Lower Manhattan,3,Thursday,0,Evening,3,35,120.0,469.05,150.0
2023-03-03,Lower Manhattan,3,Friday,0,Morning,1,147,446.75,120.0,35.0
2023-03-03,Lower Manhattan,3,Friday,0,Afternoon,2,127,397.75,446.75,147.0
2023-03-03,Lower Manhattan,3,Friday,0,Evening,3,37,112.75,397.75,127.0
2023-03-04,Lower Manhattan,3,Saturday,1,Morning,1,105,338.9,112.75,37.0
2023-03-04,Lower Manhattan,3,Saturday,1,Afternoon,2,149,456.7,338.9,105.0
2023-03-04,Lower Manhattan,3,Saturday,1,Evening,3,34,109.15,456.7,149.0
2023-03-05,Lower Manhattan,3,Sunday,1,Morning,1,140,438.95,109.15,34.0
2023-03-05,Lower Manhattan,3,Sunday,1,Afternoon,2,120,382.05,438.95,140.0
2023-03-05,Lower Manhattan,3,Sunday,1,Evening,3,38,123.15,382.05,120.0
2023-03-06,Lower Manhattan,3,Monday,0,Morning,1,122,383.35,123.15,38.0
2023-03-06,Lower Manhattan,3,Monday,0,Afternoon,2,130,417.2,383.35,122.0
2023-03-06,Lower Manhattan,3,Monday,0,Evening,3,47,149.8,417.2,130.0
2023-03-07,Lower Manhattan,3,Tuesday,0,Morning,1,206,718.05,149.8,47.0
2023-03-07,Lower Manhattan,3,Tuesday,0,Afternoon,2,10,28.1,718.05,206.0
2023-03-08,Lower Manhattan,3,Wednesday,0,Morning,1,220,727.8,28.1,10.0
2023-03-08,Lower Manhattan,3,Wednesday,0,Afternoon,2,73,221.35,727.8,220.0
2023-03-08,Lower Manhattan,3,Wednesday,0,Evening,3,57,180.95,221.35,73.0
2023-03-09,Lower Manhattan,3,Thursday,0,Morning,1,226,882.4399999999999,180.95,57.0
2023-03-09,Lower Manhattan,3,Thursday,0,Afternoon,2,59,205.83,882.4399999999999,226.0
2023-03-09,Lower Manhattan,3,Thursday,0,Evening,3,50,194.17,205.83,59.0
2023-03-10,Lower Manhattan,3,Friday,0,Morning,1,248,844.6,194.17,50.0
2023-03-10,Lower Manhattan,3,Friday,0,Afternoon,2,73,205.55,844.6,248.0
2023-03-10,Lower Manhattan,3,Friday,0,Evening,3,19,58.05,205.55,73.0
2023-03-11,Lower Manhattan,3,Saturday,1,Morning,1,217,664.3,58.05,19.0
2023-03-11,Lower Manhattan,3,Saturday,1,Afternoon,2,104,345.25,664.3,217.0
2023-03-11,Lower Manhattan,3,Saturday,1,Evening,3,23,66.05,345.25,104.0
2023-03-12,Lower Manhattan,3,Sunday,1,Morning,1,245,740.45,66.05,23.0
2023-03-12,Lower Manhattan,3,Sunday,1,Afternoon,2,83,255.05,740.45,245.0
2023-03-12,Lower Manhattan,3,Sunday,1,Evening,3,47,150.65,255.05,83.0
2023-03-13,Lower Manhattan,3,Monday,0,Morning,1,257,771.6,150.65,47.0
2023-03-13,Lower Manhattan,3,Monday,0,Afternoon,2,121,488.6,771.6,257.0
2023-03-13,Lower Manhattan,3,Monday,0,Evening,3,27,80.45,488.6,121.0
2023-03-14,Lower Manhattan,3,Tuesday,0,Morning,1,209,695.73,80.45,27.0
2023-03-14,Lower Manhattan,3,Tuesday,0,Afternoon,2,51,212.35,695.73,209.0
2023-03-14,Lower Manhattan,3,Tuesday,0,Evening,3,21,58.2,212.35,51.0
2023-03-15,Lower Manhattan,3,Wednesday,0,Morning,1,189,605.7,58.2,21.0
2023-03-15,Lower Manhattan,3,Wednesday,0,Afternoon,2,78,244.35,605.7,189.0
2023-03-15,Lower Manhattan,3,Wednesday,0,Evening,3,18,65.25,244.35,78.0
2023-03-16,Lower Manhattan,3,Thursday,0,Morning,1,207,681.5,65.25,18.0
2023-03-16,Lower Manhattan,3,Thursday,0,Afternoon,2,101,343.45,681.5,207.0
2023-03-16,Lower Manhattan,3,Thursday,0,Evening,3,20,69.6,343.45,101.0
2023-03-17,Lower Manhattan,3,Friday,0,Morning,1,199,630.8,69.6,20.0
2023-03-17,Lower Manhattan,3,Friday,0,Afternoon,2,73,248.2,630.8,199.0
2023-03-17,Lower Manhattan,3,Friday,0,Evening,3,26,73.85,248.2,73.0
2023-03-18,Lower Manhattan,3,Saturday,1,Morning,1,206,681.73,73.85,26.0
2023-03-18,Lower Manhattan,3,Saturday,1,Afternoon,2,101,344.8,681.73,206.0
2023-03-18,Lower Manhattan,3,Saturday,1,Evening,3,4,11.0,344.8,101.0
2023-03-19,Lower Manhattan,3,Sunday,1,Morning,1,159,480.7,11.0,4.0
2023-03-19,Lower Manhattan,3,Sunday,1,Afternoon,2,78,236.05,480.7,159.0
2023-03-19,Lower Manhattan,3,Sunday,1,Evening,3,19,49.6,236.05,78.0
2023-03-20,Lower Manhattan,3,Monday,0,Morning,1,237,696.85,49.6,19.0
2023-03-20,Lower Manhattan,3,Monday,0,Afternoon,2,86,257.15,696.85,237.0
2023-03-20,Lower Manhattan,3,Monday,0,Evening,3,29,81.1,257.15,86.0
2023-03-21,Lower Manhattan,3,Tuesday,0,Morning,1,216,705.95,81.1,29.0
2023-03-21,Lower Manhattan,3,Tuesday,0,Afternoon,2,81,294.65,705.95,216.0
2023-03-21,Lower Manhattan,3,Tuesday,0,Evening,3,22,56.65,294.65,81.0
2023-03-22,Lower Manhattan,3,Wednesday,0,Morning,1,250,877.28,56.65,22.0
2023-03-22,Lower Manhattan,3,Wednesday,0,Afternoon,2,93,285.23,877.28,250.0
2023-03-22,Lower Manhattan,3,Wednesday,0,Evening,3,27,73.15,285.23,93.0
2023-03-23,Lower Manhattan,3,Thursday,0,Morning,1,257,781.55,73.15,27.0
2023-03-23,Lower Manhattan,3,Thursday,0,Afternoon,2,88,256.15,781.55,257.0
2023-03-23,Lower Manhattan,3,Thursday,0,Evening,3,42,120.55,256.15,88.0
2023-03-24,Lower Manhattan,3,Friday,0,Morning,1,306,994.7,120.55,42.0
2023-03-24,Lower Manhattan,3,Friday,0,Afternoon,2,129,379.0,994.7,306.0
2023-03-24,Lower Manhattan,3,Friday,0,Evening,3,21,73.4,379.0,129.0
2023-03-25,Lower Manhattan,3,Saturday,1,Morning,1,277,941.05,73.4,21.0
2023-03-25,Lower Manhattan,3,Saturday,1,Afternoon,2,106,310.95,941.05,277.0
2023-03-25,Lower Manhattan,3,Saturday,1,Evening,3,33,96.9,310.95,106.0
2023-03-26,Lower Manhattan,3,Sunday,1,Morning,1,265,861.8,96.9,33.0
2023-03-26,Lower Manhattan,3,Sunday,1,Afternoon,2,85,240.75,861.8,265.0
2023-03-26,Lower Manhattan,3,Sunday,1,Evening,3,10,28.0,240.75,85.0
2023-03-27,Lower Manhattan,3,Monday,0,Morning,1,272,893.2,28.0,10.0
2023-03-27,Lower Manhattan,3,Monday,0,Afternoon,2,127,482.85,893.2,272.0
2023-03-27,Lower Manhattan,3,Monday,0,Evening,3,38,113.7,482.85,127.0
2023-03-28,Lower Manhattan,3,Tuesday,0,Morning,1,128,399.75,113.7,38.0
2023-03-28,Lower Manhattan,3,Tuesday,0,Afternoon,2,137,425.7,399.75,128.0
2023-03-28,Lower Manhattan,3,Tuesday,0,Evening,3,40,119.8,425.7,137.0
2023-03-29,Lower Manhattan,3,Wednesday,0,Morning,1,86,267.35,119.8,40.0
2023-03-29,Lower Manhattan,3,Wednesday,0,Afternoon,2,141,425.05,267.35,86.0
2023-03-29,Lower Manhattan,3,Wednesday,0,Evening,3,47,147.9,425.05,141.0
2023-03-30,Lower Manhattan,3,Thursday,0,Morning,1,234,719.19,147.9,47.0
2023-03-30,Lower Manhattan,3,Thursday,0,Afternoon,2,60,175.2,719.19,234.0
2023-03-30,Lower Manhattan,3,Thursday,0,Evening,3,25,72.4,175.2,60.0
2023-03-31,Lower Manhattan,3,Friday,0,Morning,1,218,718.68,72.4,25.0
2023-03-31,Lower Manhattan,3,Friday,0,Afternoon,2,66,263.3,718.68,218.0
2023-03-31,Lower Manhattan,3,Friday,0,Evening,3,20,67.55,263.3,66.0
2023-04-01,Lower Manhattan,4,Saturday,1,Morning,1,169,516.8,67.55,20.0
2023-04-01,Lower Manhattan,4,Saturday,1,Afternoon,2,160,513.1,516.8,169.0
2023-04-01,Lower Manhattan,4,Saturday,1,Evening,3,46,138.15,513.1,160.0
2023-04-02,Lower Manhattan,4,Sunday,1,Morning,1,111,340.8,138.15,46.0
2023-04-02,Lower Manhattan,4,Sunday,1,Afternoon,2,169,511.2,340.8,111.0
2023-04-02,Lower Manhattan,4,Sunday,1,Evening,3,47,150.2,511.2,169.0
2023-04-03,Lower Manhattan,4,Monday,0,Morning,1,181,542.6,150.2,47.0
2023-04-03,Lower Manhattan,4,Monday,0,Afternoon,2,141,442.15,542.6,181.0
2023-04-03,Lower Manhattan,4,Monday,0,Evening,3,44,142.8,442.15,141.0
2023-04-04,Lower Manhattan,4,Tuesday,0,Morning,1,138,411.95,142.8,44.0
2023-04-04,Lower Manhattan,4,Tuesday,0,Afternoon,2,165,506.35,411.95,138.0
2023-04-04,Lower Manhattan,4,Tuesday,0,Evening,3,57,173.7,506.35,165.0
2023-04-05,Lower Manhattan,4,Wednesday,0,Morning,1,188,594.7,173.7,57.0
2023-04-05,Lower Manhattan,4,Wednesday,0,Afternoon,2,150,472.2,594.7,188.0
2023-04-05,Lower Manhattan,4,Wednesday,0,Evening,3,42,135.35,472.2,150.0
2023-04-06,Lower Manhattan,4,Thursday,0,Morning,1,143,441.15,135.35,42.0
2023-04-06,Lower Manhattan,4,Thursday,0,Afternoon,2,143,447.55,441.15,143.0
2023-04-06,Lower Manhattan,4,Thursday,0,Evening,3,60,191.55,447.55,143.0
2023-04-07,Lower Manhattan,4,Friday,0,Morning,1,257,951.4,191.55,60.0
2023-04-07,Lower Manhattan,4,Friday,0,Afternoon,2,23,63.35,951.4,257.0
2023-04-08,Lower Manhattan,4,Saturday,1,Morning,1,295,1059.05,63.35,23.0
2023-04-08,Lower Manhattan,4,Saturday,1,Afternoon,2,91,271.35,1059.05,295.0
2023-04-08,Lower Manhattan,4,Saturday,1,Evening,3,54,182.95,271.35,91.0
2023-04-09,Lower Manhattan,4,Sunday,1,Morning,1,268,1081.02,182.95,54.0
2023-04-09,Lower Manhattan,4,Sunday,1,Afternoon,2,66,230.08,1081.02,268.0
2023-04-09,Lower Manhattan,4,Sunday,1,Evening,3,43,154.2,230.08,66.0
2023-04-10,Lower Manhattan,4,Monday,0,Morning,1,302,1028.3,154.2,43.0
2023-04-10,Lower Manhattan,4,Monday,0,Afternoon,2,108,324.55,1028.3,302.0
2023-04-10,Lower Manhattan,4,Monday,0,Evening,3,35,100.95,324.55,108.0
2023-04-11,Lower Manhattan,4,Tuesday,0,Morning,1,272,813.2,100.95,35.0
2023-04-11,Lower Manhattan,4,Tuesday,0,Afternoon,2,104,304.78000000000003,813.2,272.0
2023-04-11,Lower Manhattan,4,Tuesday,0,Evening,3,30,77.85,304.78000000000003,104.0
2023-04-12,Lower Manhattan,4,Wednesday,0,Morning,1,290,890.9,77.85,30.0
2023-04-12,Lower Manhattan,4,Wednesday,0,Afternoon,2,136,475.35,890.9,290.0
2023-04-12,Lower Manhattan,4,Wednesday,0,Evening,3,50,146.3,475.35,136.0
2023-04-13,Lower Manhattan,4,Thursday,0,Morning,1,269,841.23,146.3,50.0
2023-04-13,Lower Manhattan,4,Thursday,0,Afternoon,2,87,304.3,841.23,269.0
2023-04-13,Lower Manhattan,4,Thursday,0,Evening,3,38,101.9,304.3,87.0
2023-04-14,Lower Manhattan,4,Friday,0,Morning,1,217,735.46,101.9,38.0
2023-04-14,Lower Manhattan,4,Friday,0,Afternoon,2,76,324.05,735.46,217.0
2023-04-14,Lower Manhattan,4,Friday,0,Evening,3,16,57.45,324.05,76.0
2023-04-15,Lower Manhattan,4,Saturday,1,Morning,1,290,935.1,57.45,16.0
2023-04-15,Lower Manhattan,4,Saturday,1,Afternoon,2,94,277.85,935.1,290.0
2023-04-15,Lower Manhattan,4,Saturday,1,Evening,3,19,57.1,277.85,94.0
2023-04-16,Lower Manhattan,4,Sunday,1,Morning,1,285,1003.63,57.1,19.0
2023-04-16,Lower Manhattan,4,Sunday,1,Afternoon,2,120,401.8,1003.63,285.0
2023-04-16,Lower Manhattan,4,Sunday,1,Evening,3,21,57.45,401.8,120.0
2023-04-17,Lower Manhattan,4,Monday,0,Morning,1,261,782.55,57.45,21.0
2023-04-17,Lower Manhattan,4,Monday,0,Afternoon,2,80,280.5,782.55,261.0
2023-04-17,Lower Manhattan,4,Monday,0,Evening,3,28,87.0,280.5,80.0
2023-04-18,Lower Manhattan,4,Tuesday,0,Morning,1,224,737.68,87.0,28.0
2023-04-18,Lower Manhattan,4,Tuesday,0,Afternoon,2,110,353.45,737.68,224.0
2023-04-18,Lower Manhattan,4,Tuesday,0,Evening,3,18,73.55,353.45,110.0
2023-04-19,Lower Manhattan,4,Wednesday,0,Morning,1,249,771.25,73.55,18.0
2023-04-19,Lower Manhattan,4,Wednesday,0,Afternoon,2,93,299.5,771.25,249.0
2023-04-19,Lower Manhattan,4,Wednesday,0,Evening,3,22,59.45,299.5,93.0
2023-04-20,Lower Manhattan,4,Thursday,0,Morning,1,321,1034.63,59.45,22.0
2023-04-20,Lower Manhattan,4,Thursday,0,Afternoon,2,119,345.2,1034.63,321.0
2023-04-20,Lower Manhattan,4,Thursday,0,Evening,3,21,63.6,345.2,119.0
2023-04-21,Lower Manhattan,4,Friday,0,Morning,1,304,942.6,63.6,21.0
2023-04-21,Lower Manhattan,4,Friday,0,Afternoon,2,101,344.1,942.6,304.0
2023-04-21,Lower Manhattan,4,Friday,0,Evening,3,30,94.95,344.1,101.0
2023-04-22,Lower Manhattan,4,Saturday,1,Morning,1,357,1176.2,94.95,30.0
2023-04-22,Lower Manhattan,4,Saturday,1,Afternoon,2,111,346.43,1176.2,357.0
2023-04-22,Lower Manhattan,4,Saturday,1,Evening,3,41,111.55,346.43,111.0
2023-04-23,Lower Manhattan,4,Sunday,1,Morning,1,329,1028.56,111.55,41.0
2023-04-23,Lower Manhattan,4,Sunday,1,Afternoon,2,109,360.95,1028.56,329.0
2023-04-23,Lower Manhattan,4,Sunday,1,Evening,3,44,133.25,360.95,109.0
2023-04-24,Lower Manhattan,4,Monday,0,Morning,1,313,1002.3,133.25,44.0
2023-04-24,Lower Manhattan,4,Monday,0,Afternoon,2,142,423.05,1002.3,313.0
2023-04-24,Lower Manhattan,4,Monday,0,Evening,3,49,133.55,423.05,142.0
2023-04-25,Lower Manhattan,4,Tuesday,0,Morning,1,361,1139.45,133.55,49.0
2023-04-25,Lower Manhattan,4,Tuesday,0,Afternoon,2,133,415.4,1139.45,361.0
2023-04-25,Lower Manhattan,4,Tuesday,0,Evening,3,35,109.5,415.4,133.0
2023-04-26,Lower Manhattan,4,Wednesday,0,Morning,1,349,1116.75,109.5,35.0
2023-04-26,Lower Manhattan,4,Wednesday,0,Afternoon,2,128,450.0,1116.75,349.0
2023-04-26,Lower Manhattan,4,Wednesday,0,Evening,3,41,117.7,450.0,128.0
2023-04-27,Lower Manhattan,4,Thursday,0,Morning,1,356,1091.4,117.7,41.0
2023-04-27,Lower Manhattan,4,Thursday,0,Afternoon,2,153,459.05,1091.4,356.0
2023-04-27,Lower Manhattan,4,Thursday,0,Evening,3,45,135.65,459.05,153.0
2023-04-28,Lower Manhattan,4,Friday,0,Morning,1,152,456.9,135.65,45.0
2023-04-28,Lower Manhattan,4,Friday,0,Afternoon,2,168,509.2,456.9,152.0
2023-04-28,Lower Manhattan,4,Friday,0,Evening,3,49,145.05,509.2,168.0
2023-04-29,Lower Manhattan,4,Saturday,1,Morning,1,115,348.35,145.05,49.0
2023-04-29,Lower Manhattan,4,Saturday,1,Afternoon,2,145,433.3,348.35,115.0
2023-04-29,Lower Manhattan,4,Saturday,1,Evening,3,49,155.25,433.3,145.0
2023-04-30,Lower Manhattan,4,Sunday,1,Morning,1,270,820.63,155.25,49.0
2023-04-30,Lower Manhattan,4,Sunday,1,Afternoon,2,96,290.6,820.63,270.0
2023-04-30,Lower Manhattan,4,Sunday,1,Evening,3,18,54.1,290.6,96.0
2023-05-01,Lower Manhattan,5,Monday,0,Morning,1,223,697.1,54.1,18.0
2023-05-01,Lower Manhattan,5,Monday,0,Afternoon,2,191,610.05,697.1,223.0
2023-05-01,Lower Manhattan,5,Monday,0,Evening,3,56,168.25,610.05,191.0
2023-05-02,Lower Manhattan,5,Tuesday,0,Morning,1,166,504.15,168.25,56.0
2023-05-02,Lower Manhattan,5,Tuesday,0,Afternoon,2,207,639.9,504.15,166.0
2023-05-02,Lower Manhattan,5,Tuesday,0,Evening,3,41,132.45,639.9,207.0
2023-05-03,Lower Manhattan,5,Wednesday,0,Morning,1,230,706.55,132.45,41.0
2023-05-03,Lower Manhattan,5,Wednesday,0,Afternoon,2,179,562.25,706.55,230.0
2023-05-03,Lower Manhattan,5,Wednesday,0,Evening,3,44,132.85,562.25,179.0
2023-05-04,Lower Manhattan,5,Thursday,0,Morning,1,179,544.85,132.85,44.0
2023-05-04,Lower Manhattan,5,Thursday,0,Afternoon,2,219,667.8,544.85,179.0
2023-05-04,Lower Manhattan,5,Thursday,0,Evening,3,71,218.65,667.8,219.0
2023-05-05,Lower Manhattan,5,Friday,0,Morning,1,235,722.1,218.65,71.0
2023-05-05,Lower Manhattan,5,Friday,0,Afternoon,2,192,601.8,722.1,235.0
2023-05-05,Lower Manhattan,5,Friday,0,Evening,3,63,204.75,601.8,192.0
2023-05-06,Lower Manhattan,5,Saturday,1,Morning,1,200,620.95,204.75,63.0
2023-05-06,Lower Manhattan,5,Saturday,1,Afternoon,2,202,629.55,620.95,200.0
2023-05-06,Lower Manhattan,5,Saturday,1,Evening,3,70,228.5,629.55,202.0
2023-05-07,Lower Manhattan,5,Sunday,1,Morning,1,335,1103.95,228.5,70.0
2023-05-07,Lower Manhattan,5,Sunday,1,Afternoon,2,22,64.6,1103.95,335.0
2023-05-08,Lower Manhattan,5,Monday,0,Morning,1,405,1342.1,64.6,22.0
2023-05-08,Lower Manhattan,5,Monday,0,Afternoon,2,109,325.0,1342.1,405.0
2023-05-08,Lower Manhattan,5,Monday,0,Evening,3,74,202.05,325.0,109.0
2023-05-09,Lower Manhattan,5,Tuesday,0,Morning,1,312,1173.1,202.05,74.0
2023-05-09,Lower Manhattan,5,Tuesday,0,Afternoon,2,101,376.59,1173.1,312.0
2023-05-09,Lower Manhattan,5,Tuesday,0,Evening,3,67,272.97,376.59,101.0
2023-05-10,Lower Manhattan,5,Wednesday,0,Morning,1,335,1097.3,272.97,67.0
2023-05-10,Lower Manhattan,5,Wednesday,0,Afternoon,2,133,390.5,1097.3,335.0
2023-05-10,Lower Manhattan,5,Wednesday,0,Evening,3,39,109.0,390.5,133.0
2023-05-11,Lower Manhattan,5,Thursday,0,Morning,1,340,1066.85,109.0,39.0
2023-05-11,Lower Manhattan,5,Thursday,0,Afternoon,2,138,394.8,1066.85,340.0
2023-05-11,Lower Manhattan,5,Thursday,0,Evening,3,29,88.10000000000001,394.8,138.0
2023-05-12,Lower Manhattan,5,Friday,0,Morning,1,360,1030.2,88.10000000000001,29.0
2023-05-12,Lower Manhattan,5,Friday,0,Afternoon,2,140,449.75,1030.2,360.0
2023-05-12,Lower Manhattan,5,Friday,0,Evening,3,48,129.7,449.75,140.0
2023-05-13,Lower Manhattan,5,Saturday,1,Morning,1,383,1158.38,129.7,48.0
2023-05-13,Lower Manhattan,5,Saturday,1,Afternoon,2,167,608.15,1158.38,383.0
2023-05-13,Lower Manhattan,5,Saturday,1,Evening,3,44,132.55,608.15,167.0
2023-05-14,Lower Manhattan,5,Sunday,1,Morning,1,326,1104.09,132.55,44.0
2023-05-14,Lower Manhattan,5,Sunday,1,Afternoon,2,110,406.2,1104.09,326.0
2023-05-14,Lower Manhattan,5,Sunday,1,Evening,3,25,80.65,406.2,110.0
2023-05-15,Lower Manhattan,5,Monday,0,Morning,1,342,1106.75,80.65,25.0
2023-05-15,Lower Manhattan,5,Monday,0,Afternoon,2,144,453.2,1106.75,342.0
2023-05-15,Lower Manhattan,5,Monday,0,Evening,3,14,51.5,453.2,144.0
2023-05-16,Lower Manhattan,5,Tuesday,0,Morning,1,313,1099.95,51.5,14.0
2023-05-16,Lower Manhattan,5,Tuesday,0,Afternoon,2,152,502.25,1099.95,313.0
2023-05-16,Lower Manhattan,5,Tuesday,0,Evening,3,28,82.0,502.25,152.0
2023-05-17,Lower Manhattan,5,Wednesday,0,Morning,1,356,1160.5,82.0,28.0
2023-05-17,Lower Manhattan,5,Wednesday,0,Afternoon,2,115,406.6,1160.5,356.0
2023-05-17,Lower Manhattan,5,Wednesday,0,Evening,3,39,117.05,406.6,115.0
2023-05-18,Lower Manhattan,5,Thursday,0,Morning,1,297,958.7,117.05,39.0
2023-05-18,Lower Manhattan,5,Thursday,0,Afternoon,2,178,575.05,958.7,297.0
2023-05-18,Lower Manhattan,5,Thursday,0,Evening,3,35,134.45,575.05,178.0
2023-05-19,Lower Manhattan,5,Friday,0,Morning,1,325,996.35,134.45,35.0
2023-05-19,Lower Manhattan,5,Friday,0,Afternoon,2,126,400.2,996.35,325.0
2023-05-19,Lower Manhattan,5,Friday,0,Evening,3,46,167.8,400.2,126.0
2023-05-20,Lower Manhattan,5,Saturday,1,Morning,1,430,1302.1,167.8,46.0
2023-05-20,Lower Manhattan,5,Saturday,1,Afternoon,2,133,413.65,1302.1,430.0
2023-05-20,Lower Manhattan,5,Saturday,1,Evening,3,39,121.65,413.65,133.0
2023-05-21,Lower Manhattan,5,Sunday,1,Morning,1,364,1159.5,121.65,39.0
2023-05-21,Lower Manhattan,5,Sunday,1,Afternoon,2,138,437.6,1159.5,364.0
2023-05-21,Lower Manhattan,5,Sunday,1,Evening,3,42,119.85,437.6,138.0
2023-05-22,Lower Manhattan,5,Monday,0,Morning,1,479,1576.48,119.85,42.0
2023-05-22,Lower Manhattan,5,Monday,0,Afternoon,2,167,516.13,1576.48,479.0
2023-05-22,Lower Manhattan,5,Monday,0,Evening,3,59,164.45,516.13,167.0
2023-05-23,Lower Manhattan,5,Tuesday,0,Morning,1,413,1291.58,164.45,59.0
2023-05-23,Lower Manhattan,5,Tuesday,0,Afternoon,2,112,328.1,1291.58,413.0
2023-05-23,Lower Manhattan,5,Tuesday,0,Evening,3,47,134.2,328.1,112.0
2023-05-24,Lower Manhattan,5,Wednesday,0,Morning,1,397,1292.95,134.2,47.0
2023-05-24,Lower Manhattan,5,Wednesday,0,Afternoon,2,191,554.7,1292.95,397.0
2023-05-24,Lower Manhattan,5,Wednesday,0,Evening,3,45,120.95,554.7,191.0
2023-05-25,Lower Manhattan,5,Thursday,0,Morning,1,440,1433.5,120.95,45.0
2023-05-25,Lower Manhattan,5,Thursday,0,Afternoon,2,151,451.8,1433.5,440.0
2023-05-25,Lower Manhattan,5,Thursday,0,Evening,3,38,120.0,451.8,151.0
2023-05-26,Lower Manhattan,5,Friday,0,Morning,1,425,1364.3,120.0,38.0
2023-05-26,Lower Manhattan,5,Friday,0,Afternoon,2,149,473.65,1364.3,425.0
2023-05-26,Lower Manhattan,5,Friday,0,Evening,3,45,129.05,473.65,149.0
2023-05-27,Lower Manhattan,5,Saturday,1,Morning,1,426,1360.8,129.05,45.0
2023-05-27,Lower Manhattan,5,Saturday,1,Afternoon,2,208,709.1,1360.8,426.0
2023-05-27,Lower Manhattan,5,Saturday,1,Evening,3,59,172.95,709.1,208.0
2023-05-28,Lower Manhattan,5,Sunday,1,Morning,1,195,620.9,172.95,59.0
2023-05-28,Lower Manhattan,5,Sunday,1,Afternoon,2,217,674.25,620.9,195.0
2023-05-28,Lower Manhattan,5,Sunday,1,Evening,3,55,165.9,674.25,217.0
2023-05-29,Lower Manhattan,5,Monday,0,Morning,1,144,450.0,165.9,55.0
2023-05-29,Lower Manhattan,5,Monday,0,Afternoon,2,189,569.6,450.0,144.0
2023-05-29,Lower Manhattan,5,Monday,0,Evening,3,58,177.65,569.6,189.0
2023-05-30,Lower Manhattan,5,Tuesday,0,Morning,1,332,1234.48,177.65,58.0
2023-05-30,Lower Manhattan,5,Tuesday,0,Afternoon,2,136,414.05,1234.48,332.0
2023-05-30,Lower Manhattan,5,Tuesday,0,Evening,3,32,83.5,414.05,136.0
2023-05-31,Lower Manhattan,5,Wednesday,0,Morning,1,356,1158.66,83.5,32.0
2023-05-31,Lower Manhattan,5,Wednesday,0,Afternoon,2,104,350.76,1158.66,356.0
2023-05-31,Lower Manhattan,5,Wednesday,0,Evening,3,40,139.85,350.76,104.0
2023-06-01,Lower Manhattan,6,Thursday,0,Morning,1,249,773.2,139.85,40.0
2023-06-01,Lower Manhattan,6,Thursday,0,Afternoon,2,207,661.6,773.2,249.0
2023-06-01,Lower Manhattan,6,Thursday,0,Evening,3,55,168.15,661.6,207.0
2023-06-02,Lower Manhattan,6,Friday,0,Morning,1,198,610.75,168.15,55.0
2023-06-02,Lower Manhattan,6,Friday,0,Afternoon,2,215,654.65,610.75,198.0
2023-06-02,Lower Manhattan,6,Friday,0,Evening,3,52,174.05,654.65,215.0
2023-06-03,Lower Manhattan,6,Saturday,1,Morning,1,240,730.2,174.05,52.0
2023-06-03,Lower Manhattan,6,Saturday,1,Afternoon,2,222,693.9,730.2,240.0
2023-06-03,Lower Manhattan,6,Saturday,1,Evening,3,54,176.25,693.9,222.0
2023-06-04,Lower Manhattan,6,Sunday,1,Morning,1,214,657.6,176.25,54.0
2023-06-04,Lower Manhattan,6,Sunday,1,Afternoon,2,219,677.65,657.6,214.0
2023-06-04,Lower Manhattan,6,Sunday,1,Evening,3,85,260.1,677.65,219.0
2023-06-05,Lower Manhattan,6,Monday,0,Morning,1,221,695.55,260.1,85.0
2023-06-05,Lower Manhattan,6,Monday,0,Afternoon,2,204,637.3,695.55,221.0
2023-06-05,Lower Manhattan,6,Monday,0,Evening,3,62,204.15,637.3,204.0
2023-06-06,Lower Manhattan,6,Tuesday,0,Morning,1,229,711.1,204.15,62.0
2023-06-06,Lower Manhattan,6,Tuesday,0,Afternoon,2,220,669.95,711.1,229.0
2023-06-06,Lower Manhattan,6,Tuesday,0,Evening,3,66,209.35,669.95,220.0
2023-06-07,Lower Manhattan,6,Wednesday,0,Morning,1,366,1216.4,209.35,66.0
2023-06-07,Lower Manhattan,6,Wednesday,0,Afternoon,2,24,65.65,1216.4,366.0
2023-06-08,Lower Manhattan,6,Thursday,0,Morning,1,390,1357.85,65.65,24.0
2023-06-08,Lower Manhattan,6,Thursday,0,Afternoon,2,108,317.3,1357.85,390.0
2023-06-08,Lower Manhattan,6,Thursday,0,Evening,3,93,279.65,317.3,108.0
2023-06-09,Lower Manhattan,6,Friday,0,Morning,1,382,1528.17,279.65,93.0
2023-06-09,Lower Manhattan,6,Friday,0,Afternoon,2,101,328.46,1528.17,382.0
2023-06-09,Lower Manhattan,6,Friday,0,Evening,3,73,302.45,328.46,101.0
2023-06-10,Lower Manhattan,6,Saturday,1,Morning,1,378,1319.3,302.45,73.0
2023-06-10,Lower Manhattan,6,Saturday,1,Afternoon,2,148,473.95,1319.3,378.0
2023-06-10,Lower Manhattan,6,Saturday,1,Evening,3,32,93.35,473.95,148.0
2023-06-11,Lower Manhattan,6,Sunday,1,Morning,1,347,1036.05,93.35,32.0
2023-06-11,Lower Manhattan,6,Sunday,1,Afternoon,2,165,586.28,1036.05,347.0
2023-06-11,Lower Manhattan,6,Sunday,1,Evening,3,31,90.1,586.28,165.0
2023-06-12,Lower Manhattan,6,Monday,0,Morning,1,416,1255.55,90.1,31.0
2023-06-12,Lower Manhattan,6,Monday,0,Afternoon,2,166,572.1,1255.55,416.0
2023-06-12,Lower Manhattan,6,Monday,0,Evening,3,54,149.85,572.1,166.0
2023-06-13,Lower Manhattan,6,Tuesday,0,Morning,1,454,1389.06,149.85,54.0
2023-06-13,Lower Manhattan,6,Tuesday,0,Afternoon,2,185,680.1,1389.06,454.0
2023-06-13,Lower Manhattan,6,Tuesday,0,Evening,3,50,145.95,680.1,185.0
2023-06-14,Lower Manhattan,6,Wednesday,0,Morning,1,365,1206.46,145.95,50.0
2023-06-14,Lower Manhattan,6,Wednesday,0,Afternoon,2,115,449.55,1206.46,365.0
2023-06-14,Lower Manhattan,6,Wednesday,0,Evening,3,31,95.35,449.55,115.0
2023-06-15,Lower Manhattan,6,Thursday,0,Morning,1,352,1120.4,95.35,31.0
2023-06-15,Lower Manhattan,6,Thursday,0,Afternoon,2,139,435.75,1120.4,352.0
2023-06-15,Lower Manhattan,6,Thursday,0,Evening,3,27,88.7,435.75,139.0
2023-06-16,Lower Manhattan,6,Friday,0,Morning,1,340,1131.93,88.7,27.0
2023-06-16,Lower Manhattan,6,Friday,0,Afternoon,2,186,608.15,1131.93,340.0
2023-06-16,Lower Manhattan,6,Friday,0,Evening,3,22,65.6,608.15,186.0
2023-06-17,Lower Manhattan,6,Saturday,1,Morning,1,383,1216.2,65.6,22.0
2023-06-17,Lower Manhattan,6,Saturday,1,Afternoon,2,115,378.2,1216.2,383.0
2023-06-17,Lower Manhattan,6,Saturday,1,Evening,3,39,130.45,378.2,115.0
2023-06-18,Lower Manhattan,6,Sunday,1,Morning,1,334,1121.73,130.45,39.0
2023-06-18,Lower Manhattan,6,Sunday,1,Afternoon,2,172,569.75,1121.73,334.0
2023-06-18,Lower Manhattan,6,Sunday,1,Evening,3,31,113.8,569.75,172.0
2023-06-19,Lower Manhattan,6,Monday,0,Morning,1,356,1117.95,113.8,31.0
2023-06-19,Lower Manhattan,6,Monday,0,Afternoon,2,154,481.95,1117.95,356.0
2023-06-19,Lower Manhattan,6,Monday,0,Evening,3,36,133.5,481.95,154.0
2023-06-20,Lower Manhattan,6,Tuesday,0,Morning,1,437,1342.18,133.5,36.0
2023-06-20,Lower Manhattan,6,Tuesday,0,Afternoon,2,145,431.55,1342.18,437.0
2023-06-20,Lower Manhattan,6,Tuesday,0,Evening,3,47,155.9,431.55,145.0
2023-06-21,Lower Manhattan,6,Wednesday,0,Morning,1,399,1271.2,155.9,47.0
2023-06-21,Lower Manhattan,6,Wednesday,0,Afternoon,2,145,502.25,1271.2,399.0
2023-06-21,Lower Manhattan,6,Wednesday,0,Evening,3,42,116.85,502.25,145.0
2023-06-22,Lower Manhattan,6,Thursday,0,Morning,1,461,1446.9,116.85,42.0
2023-06-22,Lower Manhattan,6,Thursday,0,Afternoon,2,177,556.4,1446.9,461.0
2023-06-22,Lower Manhattan,6,Thursday,0,Evening,3,50,142.65,556.4,177.0
2023-06-23,Lower Manhattan,6,Friday,0,Morning,1,440,1339.38,142.65,50.0
2023-06-23,Lower Manhattan,6,Friday,0,Afternoon,2,145,457.0,1339.38,440.0
2023-06-23,Lower Manhattan,6,Friday,0,Evening,3,46,137.0,457.0,145.0
2023-06-24,Lower Manhattan,6,Saturday,1,Morning,1,432,1442.75,137.0,46.0
2023-06-24,Lower Manhattan,6,Saturday,1,Afternoon,2,175,512.4,1442.75,432.0
2023-06-24,Lower Manhattan,6,Saturday,1,Evening,3,50,142.6,512.4,175.0
2023-06-25,Lower Manhattan,6,Sunday,1,Morning,1,462,1497.1,142.6,50.0
2023-06-25,Lower Manhattan,6,Sunday,1,Afternoon,2,202,618.8,1497.1,462.0
2023-06-25,Lower Manhattan,6,Sunday,1,Evening,3,43,129.05,618.8,202.0
2023-06-26,Lower Manhattan,6,Monday,0,Morning,1,464,1444.6,129.05,43.0
2023-06-26,Lower Manhattan,6,Monday,0,Afternoon,2,159,541.65,1444.6,464.0
2023-06-26,Lower Manhattan,6,Monday,0,Evening,3,51,168.45,541.65,159.0
2023-06-27,Lower Manhattan,6,Tuesday,0,Morning,1,517,1609.5,168.45,51.0
2023-06-27,Lower Manhattan,6,Tuesday,0,Afternoon,2,193,645.6,1609.5,517.0
2023-06-27,Lower Manhattan,6,Tuesday,0,Evening,3,60,182.3,645.6,193.0
2023-06-28,Lower Manhattan,6,Wednesday,0,Morning,1,217,674.25,182.3,60.0
2023-06-28,Lower Manhattan,6,Wednesday,0,Afternoon,2,225,695.15,674.25,217.0
2023-06-28,Lower Manhattan,6,Wednesday,0,Evening,3,50,155.55,695.15,225.0
2023-06-29,Lower Manhattan,6,Thursday,0,Morning,1,153,462.1,155.55,50.0
2023-06-29,Lower Manhattan,6,Thursday,0,Afternoon,2,217,666.4,462.1,153.0
2023-06-29,Lower Manhattan,6,Thursday,0,Evening,3,54,170.95,666.4,217.0
2023-06-30,Lower Manhattan,6,Friday,0,Morning,1,390,1293.61,170.95,54.0
2023-06-30,Lower Manhattan,6,Friday,0,Afternoon,2,105,361.68,1293.61,390.0
2023-06-30,Lower Manhattan,6,Friday,0,Evening,3,40,113.45,361.68,105.0
