transaction_date,store_location,month,day_of_week,is_weekend,shift,Bakery,Branded,Coffee,Coffee_beans,Drinking_Chocolate,Flavours,Loose_Tea,Packaged_Chocolate,Tea,total_shift_cups
2023-01-01,Astoria,1,Sunday,1,Afternoon,7,0,74,0,14,0,0,0,61,156
2023-01-01,Astoria,1,Sunday,1,Evening,7,0,38,0,17,0,0,0,28,90
2023-01-01,Astoria,1,Sunday,1,Morning,3,0,13,0,5,0,0,0,10,31
2023-01-01,Hell's Kitchen,1,Sunday,1,Afternoon,6,0,55,0,7,0,0,0,41,109
2023-01-01,Hell's Kitchen,1,Sunday,1,Evening,7,0,40,0,5,0,0,0,34,86
2023-01-01,Hell's Kitchen,1,Sunday,1,Morning,5,0,38,0,5,0,0,0,27,75
2023-01-01,Lower Manhattan,1,Sunday,1,Afternoon,12,0,63,0,6,0,0,0,31,112
2023-01-01,Lower Manhattan,1,Sunday,1,Evening,3,0,12,0,0,0,0,0,9,24
2023-01-01,Lower Manhattan,1,Sunday,1,Morning,18,0,42,0,14,0,0,0,45,119
2023-01-02,Astoria,1,Monday,0,Afternoon,16,0,76,0,11,0,0,0,60,163
2023-01-02,Astoria,1,Monday,0,Evening,15,0,38,0,10,0,0,0,37,100
2023-01-02,Astoria,1,Monday,0,Morning,5,0,27,0,0,0,0,0,6,38
2023-01-02,Hell's Kitchen,1,Monday,0,Afternoon,8,0,53,0,4,0,0,0,44,109
2023-01-02,Hell's Kitchen,1,Monday,0,Evening,7,0,31,0,2,0,0,0,24,64
2023-01-02,Hell's Kitchen,1,Monday,0,Morning,8,0,50,0,10,0,0,0,31,99
2023-01-02,Lower Manhattan,1,Monday,0,Afternoon,19,0,53,0,8,0,0,0,41,121
2023-01-02,Lower Manhattan,1,Monday,0,Evening,3,0,15,0,1,0,0,0,4,23
2023-01-02,Lower Manhattan,1,Monday,0,Morning,6,0,33,0,7,0,0,0,27,73
2023-01-03,Astoria,1,Tuesday,0,Afternoon,12,0,76,0,13,0,0,0,65,166
2023-01-03,Astoria,1,Tuesday,0,Evening,7,0,38,0,13,0,0,0,28,86
2023-01-03,Astoria,1,Tuesday,0,Morning,3,0,26,0,2,0,0,0,4,35
2023-01-03,Hell's Kitchen,1,Tuesday,0,Afternoon,16,0,49,0,16,0,0,0,54,135
2023-01-03,Hell's Kitchen,1,Tuesday,0,Evening,6,0,26,0,8,0,0,0,27,67
2023-01-03,Hell's Kitchen,1,Tuesday,0,Morning,7,0,39,0,9,0,0,0,38,93
2023-01-03,Lower Manhattan,1,Tuesday,0,Afternoon,16,0,50,0,6,0,0,0,37,109
2023-01-03,Lower Manhattan,1,Tuesday,0,Evening,3,0,9,0,4,0,0,0,9,25
2023-01-03,Lower Manhattan,1,Tuesday,0,Morning,11,0,52,0,10,0,0,0,34,107
2023-01-04,Astoria,1,Wednesday,0,Afternoon,13,0,70,0,17,0,0,0,58,158
2023-01-04,Astoria,1,Wednesday,0,Evening,9,0,28,0,7,0,0,0,37,81
2023-01-04,Astoria,1,Wednesday,0,Morning,1,0,14,0,3,0,0,0,5,23
2023-01-04,Hell's Kitchen,1,Wednesday,0,Afternoon,4,0,57,0,9,0,0,0,27,97
2023-01-04,Hell's Kitchen,1,Wednesday,0,Evening,6,0,24,0,8,0,0,0,34,72
2023-01-04,Hell's Kitchen,1,Wednesday,0,Morning,6,0,49,0,6,0,0,0,26,87
2023-01-04,Lower Manhattan,1,Wednesday,0,Afternoon,9,0,50,0,8,0,0,0,40,107
2023-01-04,Lower Manhattan,1,Wednesday,0,Evening,5,0,19,0,0,0,0,0,10,34
2023-01-04,Lower Manhattan,1,Wednesday,0,Morning,8,0,26,0,4,0,0,0,29,67
2023-01-05,Astoria,1,Thursday,0,Afternoon,16,0,66,0,31,0,0,0,70,183
2023-01-05,Astoria,1,Thursday,0,Evening,12,0,44,0,4,0,0,0,26,86
2023-01-05,Astoria,1,Thursday,0,Morning,2,0,7,0,2,0,0,0,5,16
2023-01-05,Hell's Kitchen,1,Thursday,0,Afternoon,8,0,40,0,10,0,0,0,44,102
2023-01-05,Hell's Kitchen,1,Thursday,0,Evening,5,0,34,0,2,0,0,0,21,62
2023-01-05,Hell's Kitchen,1,Thursday,0,Morning,4,0,35,0,9,0,0,0,23,71
2023-01-05,Lower Manhattan,1,Thursday,0,Afternoon,10,0,55,0,5,0,0,0,49,119
2023-01-05,Lower Manhattan,1,Thursday,0,Evening,0,0,11,0,1,0,0,0,6,18
2023-01-05,Lower Manhattan,1,Thursday,0,Morning,16,0,54,0,8,0,0,0,43,121
2023-01-06,Astoria,1,Friday,0,Afternoon,17,0,49,0,15,0,0,0,42,123
2023-01-06,Astoria,1,Friday,0,Evening,9,0,34,0,6,0,0,0,33,82
2023-01-06,Astoria,1,Friday,0,Morning,3,0,10,0,0,0,0,0,6,19
2023-01-06,Hell's Kitchen,1,Friday,0,Afternoon,14,0,66,0,9,0,0,0,31,120
2023-01-06,Hell's Kitchen,1,Friday,0,Evening,3,0,28,0,3,0,0,0,18,52
2023-01-06,Hell's Kitchen,1,Friday,0,Morning,8,0,42,0,2,0,0,0,32,84
2023-01-06,Lower Manhattan,1,Friday,0,Afternoon,9,0,52,0,18,0,0,0,33,112
2023-01-06,Lower Manhattan,1,Friday,0,Evening,2,0,18,0,2,0,0,0,8,30
2023-01-06,Lower Manhattan,1,Friday,0,Morning,13,0,51,0,10,0,0,0,40,114
2023-01-07,Astoria,1,Saturday,1,Afternoon,10,0,36,0,14,0,0,0,35,95
2023-01-07,Astoria,1,Saturday,1,Evening,5,0,21,0,4,0,0,0,32,62
2023-01-07,Astoria,1,Saturday,1,Morning,12,0,46,0,10,0,0,0,32,100
2023-01-07,Hell's Kitchen,1,Saturday,1,Afternoon,2,0,21,0,2,0,0,1,16,42
2023-01-07,Hell's Kitchen,1,Saturday,1,Evening,6,0,31,0,8,1,0,0,22,68
2023-01-07,Hell's Kitchen,1,Saturday,1,Morning,22,0,97,3,18,17,1,0,55,213
2023-01-07,Lower Manhattan,1,Saturday,1,Afternoon,2,0,4,0,2,0,0,0,8,16
2023-01-07,Lower Manhattan,1,Saturday,1,Morning,21,0,81,9,4,21,1,1,65,203
2023-01-08,Astoria,1,Sunday,1,Afternoon,18,0,26,0,12,0,1,0,33,90
2023-01-08,Astoria,1,Sunday,1,Evening,12,1,20,2,8,0,2,0,13,58
2023-01-08,Astoria,1,Sunday,1,Morning,12,0,31,1,5,0,2,0,28,79
2023-01-08,Hell's Kitchen,1,Sunday,1,Afternoon,4,0,26,0,2,6,0,1,19,58
2023-01-08,Hell's Kitchen,1,Sunday,1,Evening,0,0,12,1,2,3,1,0,16,35
2023-01-08,Hell's Kitchen,1,Sunday,1,Morning,24,0,84,1,14,11,2,1,47,184
2023-01-08,Lower Manhattan,1,Sunday,1,Afternoon,5,0,24,0,3,8,0,0,21,61
2023-01-08,Lower Manhattan,1,Sunday,1,Evening,2,0,13,0,2,6,0,0,20,43
2023-01-08,Lower Manhattan,1,Sunday,1,Morning,24,1,82,7,10,22,1,0,51,198
2023-01-09,Astoria,1,Monday,0,Afternoon,1,0,16,2,6,0,1,1,13,40
2023-01-09,Astoria,1,Monday,0,Evening,1,0,7,0,2,0,2,1,9,22
2023-01-09,Astoria,1,Monday,0,Morning,21,0,56,2,11,0,1,2,53,146
2023-01-09,Hell's Kitchen,1,Monday,0,Afternoon,7,0,19,0,8,3,0,0,18,55
2023-01-09,Hell's Kitchen,1,Monday,0,Evening,4,0,15,1,4,3,0,0,8,35
2023-01-09,Hell's Kitchen,1,Monday,0,Morning,14,0,66,3,20,10,1,1,67,182
2023-01-09,Lower Manhattan,1,Monday,0,Afternoon,4,0,22,1,4,0,0,0,21,52
2023-01-09,Lower Manhattan,1,Monday,0,Evening,3,0,8,1,2,0,0,0,8,22
2023-01-09,Lower Manhattan,1,Monday,0,Morning,17,6,81,2,15,3,4,2,58,188
2023-01-10,Astoria,1,Tuesday,0,Afternoon,6,1,24,0,13,2,0,0,12,58
2023-01-10,Astoria,1,Tuesday,0,Evening,3,0,6,0,4,3,1,0,10,27
2023-01-10,Astoria,1,Tuesday,0,Morning,28,0,80,2,10,20,1,0,79,220
2023-01-10,Hell's Kitchen,1,Tuesday,0,Afternoon,5,0,20,0,2,10,2,0,22,61
2023-01-10,Hell's Kitchen,1,Tuesday,0,Evening,1,0,17,0,0,3,0,0,18,39
2023-01-10,Hell's Kitchen,1,Tuesday,0,Morning,20,1,74,0,9,13,1,1,54,173
2023-01-10,Lower Manhattan,1,Tuesday,0,Afternoon,8,0,39,1,7,1,0,0,15,71
2023-01-10,Lower Manhattan,1,Tuesday,0,Evening,0,0,5,0,0,3,0,0,3,11
2023-01-10,Lower Manhattan,1,Tuesday,0,Morning,29,1,60,3,18,20,2,1,61,195
2023-01-11,Astoria,1,Wednesday,0,Afternoon,4,2,14,0,3,2,0,0,13,38
2023-01-11,Astoria,1,Wednesday,0,Evening,4,2,17,0,4,6,0,0,6,39
2023-01-11,Astoria,1,Wednesday,0,Morning,15,1,63,0,13,9,1,0,50,152
2023-01-11,Hell's Kitchen,1,Wednesday,0,Afternoon,5,0,18,0,3,1,0,1,27,55
2023-01-11,Hell's Kitchen,1,Wednesday,0,Evening,4,0,16,0,6,2,0,2,12,42
2023-01-11,Hell's Kitchen,1,Wednesday,0,Morning,25,2,79,1,15,20,2,2,52,198
2023-01-11,Lower Manhattan,1,Wednesday,0,Afternoon,7,0,26,1,3,9,2,0,28,76
2023-01-11,Lower Manhattan,1,Wednesday,0,Evening,4,0,9,0,0,4,0,0,6,23
2023-01-11,Lower Manhattan,1,Wednesday,0,Morning,18,0,49,2,23,17,1,0,49,159
2023-01-12,Astoria,1,Thursday,0,Afternoon,7,0,14,0,1,2,1,0,8,33
2023-01-12,Astoria,1,Thursday,0,Evening,4,0,16,0,0,5,1,0,14,40
2023-01-12,Astoria,1,Thursday,0,Morning,20,0,56,2,9,6,2,1,37,133
2023-01-12,Hell's Kitchen,1,Thursday,0,Afternoon,7,1,19,1,4,2,1,0,29,64
2023-01-12,Hell's Kitchen,1,Thursday,0,Evening,4,0,19,1,2,2,0,0,10,38
2023-01-12,Hell's Kitchen,1,Thursday,0,Morning,13,0,60,0,9,17,0,0,50,149
2023-01-12,Lower Manhattan,1,Thursday,0,Afternoon,12,0,20,2,7,3,0,0,22,66
2023-01-12,Lower Manhattan,1,Thursday,0,Evening,4,0,11,1,1,3,0,0,9,29
2023-01-12,Lower Manhattan,1,Thursday,0,Morning,27,0,71,0,19,32,1,1,56,207
2023-01-13,Astoria,1,Friday,0,Afternoon,2,0,16,0,2,2,0,0,19,41
2023-01-13,Astoria,1,Friday,0,Evening,2,0,16,0,3,5,0,0,17,43
2023-01-13,Astoria,1,Friday,0,Morning,23,0,63,0,10,13,0,0,53,162
2023-01-13,Hell's Kitchen,1,Friday,0,Afternoon,6,0,27,3,11,5,1,1,26,80
2023-01-13,Hell's Kitchen,1,Friday,0,Evening,2,0,25,2,2,3,2,0,19,55
2023-01-13,Hell's Kitchen,1,Friday,0,Morning,27,0,112,2,20,25,4,1,83,274
2023-01-13,Lower Manhattan,1,Friday,0,Afternoon,10,0,29,2,11,5,2,0,23,82
2023-01-13,Lower Manhattan,1,Friday,0,Evening,1,0,16,0,0,0,0,0,6,23
2023-01-13,Lower Manhattan,1,Friday,0,Morning,26,2,75,1,4,17,1,0,64,190
2023-01-14,Astoria,1,Saturday,1,Afternoon,1,1,16,1,6,7,1,0,9,42
2023-01-14,Astoria,1,Saturday,1,Evening,3,0,10,0,0,3,0,0,14,30
2023-01-14,Astoria,1,Saturday,1,Morning,9,2,58,3,19,15,1,1,33,141
2023-01-14,Hell's Kitchen,1,Saturday,1,Afternoon,4,0,14,1,3,0,1,0,13,36
2023-01-14,Hell's Kitchen,1,Saturday,1,Evening,8,0,25,1,3,2,0,2,16,57
2023-01-14,Hell's Kitchen,1,Saturday,1,Morning,39,0,89,5,11,28,3,1,57,233
2023-01-14,Lower Manhattan,1,Saturday,1,Afternoon,14,3,17,0,7,6,0,0,9,56
2023-01-14,Lower Manhattan,1,Saturday,1,Evening,5,1,9,0,1,2,1,0,3,22
2023-01-14,Lower Manhattan,1,Saturday,1,Morning,25,2,66,0,6,21,0,1,33,154
2023-01-15,Astoria,1,Sunday,1,Afternoon,5,2,32,1,4,2,0,0,23,69
2023-01-15,Astoria,1,Sunday,1,Evening,7,1,23,4,6,0,0,0,22,63
2023-01-15,Astoria,1,Sunday,1,Morning,26,2,85,4,9,21,2,2,82,233
2023-01-15,Hell's Kitchen,1,Sunday,1,Afternoon,2,0,13,0,7,2,0,1,22,47
2023-01-15,Hell's Kitchen,1,Sunday,1,Evening,4,0,14,0,3,2,0,0,14,37
2023-01-15,Hell's Kitchen,1,Sunday,1,Morning,29,2,57,3,20,9,1,2,73,196
2023-01-15,Lower Manhattan,1,Sunday,1,Afternoon,9,0,34,0,7,10,0,1,22,83
2023-01-15,Lower Manhattan,1,Sunday,1,Evening,2,0,3,0,2,0,0,0,3,10
2023-01-15,Lower Manhattan,1,Sunday,1,Morning,17,1,89,1,10,18,2,0,51,189
2023-01-16,Astoria,1,Monday,0,Afternoon,7,1,23,0,3,5,1,1,27,68
2023-01-16,Astoria,1,Monday,0,Evening,2,0,32,0,8,0,0,0,9,51
2023-01-16,Astoria,1,Monday,0,Morning,22,1,71,2,26,19,2,1,56,200
2023-01-16,Hell's Kitchen,1,Monday,0,Afternoon,6,0,22,0,8,1,0,0,9,46
2023-01-16,Hell's Kitchen,1,Monday,0,Evening,1,0,16,0,1,2,1,0,14,35
2023-01-16,Hell's Kitchen,1,Monday,0,Morning,30,0,82,4,10,11,3,1,55,196
2023-01-16,Lower Manhattan,1,Monday,0,Afternoon,5,0,29,1,3,10,1,0,20,69
2023-01-16,Lower Manhattan,1,Monday,0,Evening,1,0,4,1,0,1,0,0,2,9
2023-01-16,Lower Manhattan,1,Monday,0,Morning,20,1,77,2,11,17,0,1,52,181
2023-01-17,Astoria,1,Tuesday,0,Afternoon,3,1,18,1,2,2,0,0,24,51
2023-01-17,Astoria,1,Tuesday,0,Evening,4,2,15,1,6,0,0,0,11,39
2023-01-17,Astoria,1,Tuesday,0,Morning,18,5,76,1,17,22,2,0,66,207
2023-01-17,Hell's Kitchen,1,Tuesday,0,Afternoon,0,0,13,2,1,3,0,0,14,33
2023-01-17,Hell's Kitchen,1,Tuesday,0,Evening,0,0,4,0,0,0,0,0,8,12
2023-01-17,Hell's Kitchen,1,Tuesday,0,Morning,22,0,62,19,9,11,1,1,44,169
2023-01-17,Lower Manhattan,1,Tuesday,0,Afternoon,10,1,29,0,3,6,1,0,13,63
2023-01-17,Lower Manhattan,1,Tuesday,0,Evening,1,0,4,0,3,2,0,0,6,16
2023-01-17,Lower Manhattan,1,Tuesday,0,Morning,13,1,65,2,18,22,1,1,49,172
2023-01-18,Astoria,1,Wednesday,0,Afternoon,6,0,22,0,5,1,0,1,22,57
2023-01-18,Astoria,1,Wednesday,0,Evening,3,0,13,2,3,0,1,0,9,31
2023-01-18,Astoria,1,Wednesday,0,Morning,25,3,75,3,13,18,3,0,67,207
2023-01-18,Hell's Kitchen,1,Wednesday,0,Afternoon,2,0,25,0,6,6,0,0,14,53
2023-01-18,Hell's Kitchen,1,Wednesday,0,Evening,1,0,9,0,1,2,1,0,10,24
2023-01-18,Hell's Kitchen,1,Wednesday,0,Morning,23,1,54,4,16,13,3,0,72,186
2023-01-18,Lower Manhattan,1,Wednesday,0,Afternoon,10,0,22,1,8,6,0,1,25,73
2023-01-18,Lower Manhattan,1,Wednesday,0,Evening,1,0,9,0,1,2,0,1,2,16
2023-01-18,Lower Manhattan,1,Wednesday,0,Morning,17,1,74,0,14,25,2,1,46,180
2023-01-19,Astoria,1,Thursday,0,Afternoon,2,0,28,0,2,2,0,0,20,54
2023-01-19,Astoria,1,Thursday,0,Evening,6,0,16,1,3,0,0,0,13,39
2023-01-19,Astoria,1,Thursday,0,Morning,23,3,94,3,15,23,1,2,56,220
2023-01-19,Hell's Kitchen,1,Thursday,0,Afternoon,3,1,23,1,5,3,1,0,22,59
2023-01-19,Hell's Kitchen,1,Thursday,0,Evening,0,0,19,1,0,1,0,0,8,29
2023-01-19,Hell's Kitchen,1,Thursday,0,Morning,35,0,78,6,15,5,1,1,64,205
2023-01-19,Lower Manhattan,1,Thursday,0,Afternoon,3,1,35,2,10,9,0,0,12,72
2023-01-19,Lower Manhattan,1,Thursday,0,Evening,1,0,9,0,2,7,0,0,3,22
2023-01-19,Lower Manhattan,1,Thursday,0,Morning,17,1,62,0,15,20,0,0,43,158
2023-01-20,Astoria,1,Friday,0,Afternoon,15,0,15,3,1,2,2,0,16,54
2023-01-20,Astoria,1,Friday,0,Evening,14,0,11,1,1,0,0,1,10,38
2023-01-20,Astoria,1,Friday,0,Morning,28,0,36,3,11,6,3,1,35,123
2023-01-20,Hell's Kitchen,1,Friday,0,Afternoon,9,0,26,2,3,8,0,0,17,65
2023-01-20,Hell's Kitchen,1,Friday,0,Evening,4,0,20,1,5,4,0,0,13,47
2023-01-20,Hell's Kitchen,1,Friday,0,Morning,13,1,76,1,12,14,3,0,52,172
2023-01-20,Lower Manhattan,1,Friday,0,Afternoon,10,0,25,0,0,4,0,0,20,59
2023-01-20,Lower Manhattan,1,Friday,0,Evening,3,0,15,0,1,0,0,0,6,25
2023-01-20,Lower Manhattan,1,Friday,0,Morning,31,0,63,2,11,22,1,0,54,184
2023-01-21,Astoria,1,Saturday,1,Afternoon,3,1,13,1,11,5,0,0,9,43
2023-01-21,Astoria,1,Saturday,1,Evening,3,2,22,1,4,8,0,0,21,61
2023-01-21,Astoria,1,Saturday,1,Morning,13,4,55,3,14,16,0,0,56,161
2023-01-21,Hell's Kitchen,1,Saturday,1,Afternoon,10,0,29,1,2,7,0,0,22,71
2023-01-21,Hell's Kitchen,1,Saturday,1,Evening,4,0,18,0,4,2,0,0,12,40
2023-01-21,Hell's Kitchen,1,Saturday,1,Morning,25,2,74,4,18,12,2,0,70,207
2023-01-21,Lower Manhattan,1,Saturday,1,Afternoon,11,1,32,2,2,5,2,0,15,70
2023-01-21,Lower Manhattan,1,Saturday,1,Evening,1,0,1,0,2,0,0,0,3,7
2023-01-21,Lower Manhattan,1,Saturday,1,Morning,29,0,85,4,23,21,2,0,54,218
2023-01-22,Astoria,1,Sunday,1,Afternoon,8,0,42,0,15,0,0,0,29,94
2023-01-22,Astoria,1,Sunday,1,Evening,3,0,14,0,4,0,0,0,28,49
2023-01-22,Astoria,1,Sunday,1,Morning,9,0,44,0,9,0,0,0,35,97
2023-01-22,Hell's Kitchen,1,Sunday,1,Afternoon,7,0,25,0,3,3,0,0,18,56
2023-01-22,Hell's Kitchen,1,Sunday,1,Evening,4,0,22,0,3,0,1,0,8,38
2023-01-22,Hell's Kitchen,1,Sunday,1,Morning,15,0,34,2,12,2,0,0,37,102
2023-01-22,Lower Manhattan,1,Sunday,1,Afternoon,6,0,38,0,2,4,0,0,24,74
2023-01-22,Lower Manhattan,1,Sunday,1,Evening,4,0,16,0,0,7,0,0,8,35
2023-01-22,Lower Manhattan,1,Sunday,1,Morning,15,3,89,0,17,19,1,1,78,223
2023-01-23,Astoria,1,Monday,0,Afternoon,10,0,52,0,12,0,0,0,44,118
2023-01-23,Astoria,1,Monday,0,Evening,7,0,30,0,11,0,0,0,14,62
2023-01-23,Astoria,1,Monday,0,Morning,9,0,51,0,12,0,0,0,40,112
2023-01-23,Hell's Kitchen,1,Monday,0,Afternoon,3,0,29,1,2,2,0,0,28,65
2023-01-23,Hell's Kitchen,1,Monday,0,Evening,6,0,26,0,5,1,0,0,9,47
2023-01-23,Hell's Kitchen,1,Monday,0,Morning,26,0,75,5,13,5,1,1,66,192
2023-01-23,Lower Manhattan,1,Monday,0,Afternoon,3,1,40,0,3,6,0,0,21,74
2023-01-23,Lower Manhattan,1,Monday,0,Evening,7,0,19,0,0,5,0,0,10,41
2023-01-23,Lower Manhattan,1,Monday,0,Morning,23,1,82,1,10,9,1,1,46,174
2023-01-24,Astoria,1,Tuesday,0,Afternoon,11,0,52,0,7,0,0,0,44,114
2023-01-24,Astoria,1,Tuesday,0,Evening,6,0,21,0,11,0,0,0,22,60
2023-01-24,Astoria,1,Tuesday,0,Morning,17,0,51,0,12,0,0,0,38,118
2023-01-24,Hell's Kitchen,1,Tuesday,0,Afternoon,5,0,36,0,7,3,0,0,27,78
2023-01-24,Hell's Kitchen,1,Tuesday,0,Evening,2,0,14,1,6,0,1,0,8,32
2023-01-24,Hell's Kitchen,1,Tuesday,0,Morning,17,0,45,5,14,0,2,0,49,132
2023-01-24,Lower Manhattan,1,Tuesday,0,Afternoon,14,0,37,0,6,8,1,0,31,97
2023-01-24,Lower Manhattan,1,Tuesday,0,Evening,1,0,5,0,1,0,0,0,5,12
2023-01-24,Lower Manhattan,1,Tuesday,0,Morning,21,3,90,1,23,19,2,0,81,240
2023-01-25,Astoria,1,Wednesday,0,Afternoon,13,0,46,0,6,0,0,0,46,111
2023-01-25,Astoria,1,Wednesday,0,Evening,6,0,33,0,6,0,0,0,23,68
2023-01-25,Astoria,1,Wednesday,0,Morning,7,0,73,0,14,0,0,0,41,135
2023-01-25,Hell's Kitchen,1,Wednesday,0,Afternoon,5,0,39,0,5,0,1,0,20,70
2023-01-25,Hell's Kitchen,1,Wednesday,0,Evening,6,0,13,0,3,0,0,0,13,35
2023-01-25,Hell's Kitchen,1,Wednesday,0,Morning,24,0,62,1,9,3,2,1,51,153
2023-01-25,Lower Manhattan,1,Wednesday,0,Afternoon,11,0,42,0,6,7,1,1,41,109
2023-01-25,Lower Manhattan,1,Wednesday,0,Evening,2,0,9,0,0,3,0,0,6,20
2023-01-25,Lower Manhattan,1,Wednesday,0,Morning,17,0,83,5,17,7,1,0,75,205
2023-01-26,Astoria,1,Thursday,0,Afternoon,13,0,72,0,5,0,0,0,44,134
2023-01-26,Astoria,1,Thursday,0,Evening,3,0,24,0,5,0,0,0,19,51
2023-01-26,Astoria,1,Thursday,0,Morning,11,0,68,0,8,0,0,0,36,123
2023-01-26,Hell's Kitchen,1,Thursday,0,Afternoon,9,0,22,1,4,2,0,0,17,55
2023-01-26,Hell's Kitchen,1,Thursday,0,Evening,4,0,28,0,3,5,1,1,13,55
2023-01-26,Hell's Kitchen,1,Thursday,0,Morning,23,0,61,2,10,3,3,0,43,145
2023-01-26,Lower Manhattan,1,Thursday,0,Afternoon,4,0,28,0,2,2,0,0,15,51
2023-01-26,Lower Manhattan,1,Thursday,0,Evening,3,1,11,0,3,0,0,0,18,36
2023-01-26,Lower Manhattan,1,Thursday,0,Morning,19,3,89,3,20,20,2,0,81,237
2023-01-27,Astoria,1,Friday,0,Afternoon,9,0,40,0,15,0,0,0,36,100
2023-01-27,Astoria,1,Friday,0,Evening,9,0,29,0,5,0,0,0,36,79
2023-01-27,Astoria,1,Friday,0,Morning,7,0,43,0,11,0,0,0,33,94
2023-01-27,Hell's Kitchen,1,Friday,0,Afternoon,0,0,24,0,8,4,0,0,6,42
2023-01-27,Hell's Kitchen,1,Friday,0,Evening,0,0,12,0,3,6,0,0,19,40
2023-01-27,Hell's Kitchen,1,Friday,0,Morning,12,0,83,1,14,16,0,0,56,182
2023-01-27,Lower Manhattan,1,Friday,0,Afternoon,9,2,40,0,7,4,0,1,39,102
2023-01-27,Lower Manhattan,1,Friday,0,Evening,3,0,10,0,4,3,0,0,15,35
2023-01-27,Lower Manhattan,1,Friday,0,Morning,21,2,82,3,16,11,2,0,75,212
2023-01-28,Astoria,1,Saturday,1,Afternoon,9,0,40,0,10,0,0,0,20,79
2023-01-28,Astoria,1,Saturday,1,Evening,5,0,30,0,2,0,0,0,19,56
2023-01-28,Astoria,1,Saturday,1,Morning,7,0,55,0,6,0,0,0,41,109
2023-01-28,Hell's Kitchen,1,Saturday,1,Afternoon,14,0,53,0,12,0,0,0,39,118
2023-01-28,Hell's Kitchen,1,Saturday,1,Evening,4,0,18,0,5,0,0,0,18,45
2023-01-28,Hell's Kitchen,1,Saturday,1,Morning,6,0,28,0,8,0,0,0,22,64
2023-01-28,Lower Manhattan,1,Saturday,1,Afternoon,10,0,50,0,6,0,0,0,27,93
2023-01-28,Lower Manhattan,1,Saturday,1,Evening,1,0,9,0,1,0,0,0,8,19
2023-01-28,Lower Manhattan,1,Saturday,1,Morning,15,0,43,0,3,0,0,0,28,89
2023-01-29,Astoria,1,Sunday,1,Afternoon,14,0,39,0,15,0,0,0,47,115
2023-01-29,Astoria,1,Sunday,1,Evening,2,0,20,0,6,0,0,0,18,46
2023-01-29,Astoria,1,Sunday,1,Morning,11,0,40,0,16,0,0,0,33,100
2023-01-29,Hell's Kitchen,1,Sunday,1,Afternoon,13,0,46,0,3,0,0,0,22,84
2023-01-29,Hell's Kitchen,1,Sunday,1,Evening,4,0,17,0,6,0,0,0,10,37
2023-01-29,Hell's Kitchen,1,Sunday,1,Morning,8,0,36,0,7,0,0,0,23,74
2023-01-29,Lower Manhattan,1,Sunday,1,Afternoon,15,0,45,0,8,0,0,0,23,91
2023-01-29,Lower Manhattan,1,Sunday,1,Evening,2,0,6,0,6,0,0,0,11,25
2023-01-29,Lower Manhattan,1,Sunday,1,Morning,13,0,47,0,7,0,0,0,13,80
2023-01-30,Astoria,1,Monday,0,Afternoon,9,2,46,1,4,3,1,0,22,88
2023-01-30,Astoria,1,Monday,0,Evening,6,0,17,1,7,2,0,0,12,45
2023-01-30,Astoria,1,Monday,0,Morning,15,1,33,3,3,8,0,0,46,109
2023-01-30,Hell's Kitchen,1,Monday,0,Afternoon,2,0,23,1,10,3,1,0,17,57
2023-01-30,Hell's Kitchen,1,Monday,0,Evening,2,0,11,0,9,0,0,0,16,38
2023-01-30,Hell's Kitchen,1,Monday,0,Morning,21,0,65,5,14,2,0,0,40,147
2023-01-30,Lower Manhattan,1,Monday,0,Afternoon,8,0,18,0,2,9,1,1,14,53
2023-01-30,Lower Manhattan,1,Monday,0,Evening,2,0,4,0,2,0,0,0,3,11
2023-01-30,Lower Manhattan,1,Monday,0,Morning,23,6,50,1,11,9,0,1,44,145
2023-01-31,Astoria,1,Tuesday,0,Afternoon,6,0,23,1,10,0,1,0,20,61
2023-01-31,Astoria,1,Tuesday,0,Evening,4,0,15,1,0,0,0,0,18,38
2023-01-31,Astoria,1,Tuesday,0,Morning,11,1,61,2,7,6,6,0,26,120
2023-01-31,Hell's Kitchen,1,Tuesday,0,Afternoon,2,0,22,0,0,3,2,0,9,38
2023-01-31,Hell's Kitchen,1,Tuesday,0,Evening,2,0,12,0,0,2,1,0,8,25
2023-01-31,Hell's Kitchen,1,Tuesday,0,Morning,26,0,50,5,4,8,2,0,60,155
2023-01-31,Lower Manhattan,1,Tuesday,0,Afternoon,7,0,26,2,3,1,0,0,14,53
2023-01-31,Lower Manhattan,1,Tuesday,0,Evening,1,0,5,0,0,0,0,0,4,10
2023-01-31,Lower Manhattan,1,Tuesday,0,Morning,19,1,53,3,15,6,1,0,47,145
2023-02-01,Astoria,2,Wednesday,0,Afternoon,21,0,71,0,14,0,0,0,67,173
2023-02-01,Astoria,2,Wednesday,0,Evening,8,0,28,0,12,0,0,0,28,76
2023-02-01,Astoria,2,Wednesday,0,Morning,1,0,9,0,2,0,0,0,11,23
2023-02-01,Hell's Kitchen,2,Wednesday,0,Afternoon,10,0,51,0,14,0,0,0,35,110
2023-02-01,Hell's Kitchen,2,Wednesday,0,Evening,3,0,40,0,10,0,0,0,33,86
2023-02-01,Hell's Kitchen,2,Wednesday,0,Morning,7,0,28,0,7,0,0,0,31,73
2023-02-01,Lower Manhattan,2,Wednesday,0,Afternoon,16,0,63,0,10,0,0,0,30,119
2023-02-01,Lower Manhattan,2,Wednesday,0,Evening,3,0,19,0,0,0,0,0,12,34
2023-02-01,Lower Manhattan,2,Wednesday,0,Morning,12,0,40,0,10,0,0,0,40,102
2023-02-02,Astoria,2,Thursday,0,Afternoon,15,0,65,0,18,0,0,0,78,176
2023-02-02,Astoria,2,Thursday,0,Evening,14,0,47,0,7,0,0,0,36,104
2023-02-02,Astoria,2,Thursday,0,Morning,2,0,11,0,2,0,0,0,7,22
2023-02-02,Hell's Kitchen,2,Thursday,0,Afternoon,12,0,55,0,6,0,0,0,46,119
2023-02-02,Hell's Kitchen,2,Thursday,0,Evening,3,0,30,0,5,0,0,0,26,64
2023-02-02,Hell's Kitchen,2,Thursday,0,Morning,7,0,46,0,18,0,0,0,33,104
2023-02-02,Lower Manhattan,2,Thursday,0,Afternoon,16,0,50,0,2,0,0,0,40,108
2023-02-02,Lower Manhattan,2,Thursday,0,Evening,3,0,12,0,6,0,0,0,9,30
2023-02-02,Lower Manhattan,2,Thursday,0,Morning,8,0,30,0,10,0,0,0,39,87
2023-02-03,Astoria,2,Friday,0,Afternoon,22,0,79,0,22,0,0,0,68,191
2023-02-03,Astoria,2,Friday,0,Evening,8,0,32,0,13,0,0,0,29,82
2023-02-03,Astoria,2,Friday,0,Morning,1,0,17,0,3,0,0,0,7,28
2023-02-03,Hell's Kitchen,2,Friday,0,Afternoon,11,0,47,0,9,0,0,0,54,121
2023-02-03,Hell's Kitchen,2,Friday,0,Evening,8,0,35,0,5,0,0,0,30,78
2023-02-03,Hell's Kitchen,2,Friday,0,Morning,8,0,29,0,11,0,0,0,44,92
2023-02-03,Lower Manhattan,2,Friday,0,Afternoon,15,0,52,0,7,0,0,0,38,112
2023-02-03,Lower Manhattan,2,Friday,0,Evening,3,0,16,0,1,0,0,0,8,28
2023-02-03,Lower Manhattan,2,Friday,0,Morning,11,0,49,0,4,0,0,0,38,102
2023-02-04,Astoria,2,Saturday,1,Afternoon,16,0,75,0,17,0,0,0,60,168
2023-02-04,Astoria,2,Saturday,1,Evening,8,0,38,0,5,0,0,0,21,72
2023-02-04,Astoria,2,Saturday,1,Morning,3,0,17,0,3,0,0,0,8,31
2023-02-04,Hell's Kitchen,2,Saturday,1,Afternoon,10,0,57,0,13,0,0,0,26,106
2023-02-04,Hell's Kitchen,2,Saturday,1,Evening,5,0,28,0,6,0,0,0,31,70
2023-02-04,Hell's Kitchen,2,Saturday,1,Morning,7,0,58,0,9,0,0,0,28,102
2023-02-04,Lower Manhattan,2,Saturday,1,Afternoon,10,0,52,0,14,0,0,0,54,130
2023-02-04,Lower Manhattan,2,Saturday,1,Evening,9,0,29,0,2,0,0,0,6,46
2023-02-04,Lower Manhattan,2,Saturday,1,Morning,18,0,39,0,3,0,0,0,49,109
2023-02-05,Astoria,2,Sunday,1,Afternoon,20,0,80,0,18,0,0,0,56,174
2023-02-05,Astoria,2,Sunday,1,Evening,10,0,39,0,2,0,0,0,30,81
2023-02-05,Astoria,2,Sunday,1,Morning,5,0,15,0,2,0,0,0,6,28
2023-02-05,Hell's Kitchen,2,Sunday,1,Afternoon,5,0,31,0,9,0,0,0,48,93
2023-02-05,Hell's Kitchen,2,Sunday,1,Evening,4,0,27,0,5,0,0,0,23,59
2023-02-05,Hell's Kitchen,2,Sunday,1,Morning,7,0,26,0,8,0,0,0,40,81
2023-02-05,Lower Manhattan,2,Sunday,1,Afternoon,13,0,25,0,10,0,0,0,40,88
2023-02-05,Lower Manhattan,2,Sunday,1,Evening,2,0,11,0,0,0,0,0,9,22
2023-02-05,Lower Manhattan,2,Sunday,1,Morning,18,0,58,0,4,0,0,0,42,122
2023-02-06,Astoria,2,Monday,0,Afternoon,18,0,52,0,10,0,0,0,41,121
2023-02-06,Astoria,2,Monday,0,Evening,5,0,27,0,6,0,0,0,33,71
2023-02-06,Astoria,2,Monday,0,Morning,2,0,5,0,4,0,0,0,6,17
2023-02-06,Hell's Kitchen,2,Monday,0,Afternoon,10,0,70,0,5,0,0,0,39,124
2023-02-06,Hell's Kitchen,2,Monday,0,Evening,5,0,31,0,4,0,0,0,28,68
2023-02-06,Hell's Kitchen,2,Monday,0,Morning,7,0,37,0,7,0,0,0,21,72
2023-02-06,Lower Manhattan,2,Monday,0,Afternoon,7,0,38,0,19,0,0,0,36,100
2023-02-06,Lower Manhattan,2,Monday,0,Evening,2,0,17,0,5,0,0,0,17,41
2023-02-06,Lower Manhattan,2,Monday,0,Morning,11,0,48,0,7,0,0,0,32,98
2023-02-07,Astoria,2,Tuesday,0,Afternoon,10,0,38,0,6,0,0,0,31,85
2023-02-07,Astoria,2,Tuesday,0,Evening,6,0,27,0,11,0,0,0,22,66
2023-02-07,Astoria,2,Tuesday,0,Morning,11,0,41,0,8,0,0,0,44,104
2023-02-07,Hell's Kitchen,2,Tuesday,0,Afternoon,7,0,29,0,6,2,0,1,15,60
2023-02-07,Hell's Kitchen,2,Tuesday,0,Evening,8,0,36,0,7,5,0,0,24,80
2023-02-07,Hell's Kitchen,2,Tuesday,0,Morning,14,0,58,3,11,14,0,1,51,152
2023-02-07,Lower Manhattan,2,Tuesday,0,Afternoon,1,0,3,0,0,0,0,0,6,10
2023-02-07,Lower Manhattan,2,Tuesday,0,Morning,23,0,85,3,10,17,4,1,69,212
2023-02-08,Astoria,2,Wednesday,0,Afternoon,21,1,41,0,13,0,2,1,30,109
2023-02-08,Astoria,2,Wednesday,0,Evening,11,0,18,3,6,0,0,0,22,60
2023-02-08,Astoria,2,Wednesday,0,Morning,6,0,33,0,10,2,1,0,42,94
2023-02-08,Hell's Kitchen,2,Wednesday,0,Afternoon,7,0,39,1,3,12,0,1,15,78
2023-02-08,Hell's Kitchen,2,Wednesday,0,Evening,1,0,17,0,3,5,0,0,12,38
2023-02-08,Hell's Kitchen,2,Wednesday,0,Morning,15,0,88,3,11,7,1,0,57,182
2023-02-08,Lower Manhattan,2,Wednesday,0,Afternoon,4,0,26,0,3,12,1,0,20,66
2023-02-08,Lower Manhattan,2,Wednesday,0,Evening,0,0,11,0,1,3,0,0,16,31
2023-02-08,Lower Manhattan,2,Wednesday,0,Morning,25,1,63,3,16,18,2,0,58,186
2023-02-09,Astoria,2,Thursday,0,Afternoon,6,0,18,5,2,0,1,0,12,44
2023-02-09,Astoria,2,Thursday,0,Evening,1,0,9,0,3,0,0,1,12,26
2023-02-09,Astoria,2,Thursday,0,Morning,16,0,73,2,13,0,0,0,51,155
2023-02-09,Hell's Kitchen,2,Thursday,0,Afternoon,7,0,12,0,9,5,0,0,17,50
2023-02-09,Hell's Kitchen,2,Thursday,0,Evening,4,0,14,0,2,1,0,0,9,30
2023-02-09,Hell's Kitchen,2,Thursday,0,Morning,26,0,88,0,13,24,1,2,58,212
2023-02-09,Lower Manhattan,2,Thursday,0,Afternoon,5,0,19,0,6,0,0,1,15,46
2023-02-09,Lower Manhattan,2,Thursday,0,Evening,6,0,22,0,2,0,2,0,6,38
2023-02-09,Lower Manhattan,2,Thursday,0,Morning,13,3,63,1,19,0,2,2,57,160
2023-02-10,Astoria,2,Friday,0,Afternoon,4,1,25,0,4,10,0,0,18,62
2023-02-10,Astoria,2,Friday,0,Evening,3,0,6,0,6,2,0,0,8,25
2023-02-10,Astoria,2,Friday,0,Morning,17,1,72,1,15,25,1,1,77,210
2023-02-10,Hell's Kitchen,2,Friday,0,Afternoon,6,0,32,1,3,2,1,0,21,66
2023-02-10,Hell's Kitchen,2,Friday,0,Evening,7,0,23,1,0,2,0,1,23,57
2023-02-10,Hell's Kitchen,2,Friday,0,Morning,30,0,80,4,14,8,1,0,66,203
2023-02-10,Lower Manhattan,2,Friday,0,Afternoon,8,0,41,2,3,6,1,0,15,76
2023-02-10,Lower Manhattan,2,Friday,0,Evening,2,0,5,0,0,0,0,0,4,11
2023-02-10,Lower Manhattan,2,Friday,0,Morning,25,1,80,1,20,21,1,2,57,208
2023-02-11,Astoria,2,Saturday,1,Afternoon,4,1,24,0,4,4,0,0,11,48
2023-02-11,Astoria,2,Saturday,1,Evening,0,1,8,0,1,4,1,0,7,22
2023-02-11,Astoria,2,Saturday,1,Morning,13,1,57,0,16,6,1,0,48,142
2023-02-11,Hell's Kitchen,2,Saturday,1,Afternoon,7,0,27,1,4,6,0,1,24,70
2023-02-11,Hell's Kitchen,2,Saturday,1,Evening,7,0,18,1,6,3,0,1,13,49
2023-02-11,Hell's Kitchen,2,Saturday,1,Morning,25,1,71,2,11,23,0,2,53,188
2023-02-11,Lower Manhattan,2,Saturday,1,Afternoon,9,0,24,0,5,7,0,1,23,69
2023-02-11,Lower Manhattan,2,Saturday,1,Evening,2,0,8,0,0,1,0,0,3,14
2023-02-11,Lower Manhattan,2,Saturday,1,Morning,20,0,60,2,14,18,2,0,66,182
2023-02-12,Astoria,2,Sunday,1,Afternoon,7,0,13,0,5,2,2,0,10,39
2023-02-12,Astoria,2,Sunday,1,Evening,2,0,8,0,2,4,1,0,6,23
2023-02-12,Astoria,2,Sunday,1,Morning,20,0,61,1,18,11,4,2,28,145
2023-02-12,Hell's Kitchen,2,Sunday,1,Afternoon,6,1,30,0,2,7,0,0,29,75
2023-02-12,Hell's Kitchen,2,Sunday,1,Evening,8,2,23,1,5,5,1,0,19,64
2023-02-12,Hell's Kitchen,2,Sunday,1,Morning,19,0,59,5,18,18,2,0,66,187
2023-02-12,Lower Manhattan,2,Sunday,1,Afternoon,13,0,43,3,10,3,0,0,19,91
2023-02-12,Lower Manhattan,2,Sunday,1,Evening,4,0,12,1,2,1,1,0,13,34
2023-02-12,Lower Manhattan,2,Sunday,1,Morning,28,0,76,1,11,31,1,2,64,214
2023-02-13,Astoria,2,Monday,0,Afternoon,2,0,18,0,5,3,0,0,20,48
2023-02-13,Astoria,2,Monday,0,Evening,2,0,14,0,3,2,0,0,9,30
2023-02-13,Astoria,2,Monday,0,Morning,16,0,53,0,14,9,0,0,42,134
2023-02-13,Hell's Kitchen,2,Monday,0,Afternoon,5,0,30,4,11,5,1,0,14,70
2023-02-13,Hell's Kitchen,2,Monday,0,Evening,1,0,22,1,4,6,0,0,15,49
2023-02-13,Hell's Kitchen,2,Monday,0,Morning,28,0,116,2,16,14,2,0,66,244
2023-02-13,Lower Manhattan,2,Monday,0,Afternoon,8,0,32,1,9,7,2,1,23,83
2023-02-13,Lower Manhattan,2,Monday,0,Evening,2,0,15,0,0,0,1,0,11,29
2023-02-13,Lower Manhattan,2,Monday,0,Morning,35,0,84,0,11,20,0,1,66,217
2023-02-14,Astoria,2,Tuesday,0,Afternoon,1,1,11,1,4,6,0,0,4,28
2023-02-14,Astoria,2,Tuesday,0,Evening,2,0,10,0,2,3,1,0,15,33
2023-02-14,Astoria,2,Tuesday,0,Morning,11,3,55,3,14,15,2,1,45,149
2023-02-14,Hell's Kitchen,2,Tuesday,0,Afternoon,5,0,13,2,5,2,1,0,12,40
2023-02-14,Hell's Kitchen,2,Tuesday,0,Evening,10,0,23,1,6,4,2,0,16,62
2023-02-14,Hell's Kitchen,2,Tuesday,0,Morning,40,0,100,3,12,35,4,0,53,247
2023-02-14,Lower Manhattan,2,Tuesday,0,Afternoon,5,1,29,0,2,3,1,0,8,49
2023-02-14,Lower Manhattan,2,Tuesday,0,Evening,2,0,3,0,0,3,1,0,1,10
2023-02-14,Lower Manhattan,2,Tuesday,0,Morning,24,3,78,1,8,24,2,2,36,178
2023-02-15,Astoria,2,Wednesday,0,Afternoon,6,0,22,1,4,4,1,0,32,70
2023-02-15,Astoria,2,Wednesday,0,Evening,8,1,22,0,10,1,0,0,13,55
2023-02-15,Astoria,2,Wednesday,0,Morning,24,1,102,6,20,30,1,1,65,250
2023-02-15,Hell's Kitchen,2,Wednesday,0,Afternoon,2,0,12,0,8,1,1,0,16,40
2023-02-15,Hell's Kitchen,2,Wednesday,0,Evening,1,0,14,1,6,2,1,0,6,31
2023-02-15,Hell's Kitchen,2,Wednesday,0,Morning,27,1,58,2,12,11,2,0,70,183
2023-02-15,Lower Manhattan,2,Wednesday,0,Afternoon,3,1,14,1,7,5,1,1,25,58
2023-02-15,Lower Manhattan,2,Wednesday,0,Evening,2,1,6,0,1,0,0,0,3,13
2023-02-15,Lower Manhattan,2,Wednesday,0,Morning,14,2,69,0,21,19,3,0,50,178
2023-02-16,Astoria,2,Thursday,0,Afternoon,7,2,26,0,5,3,1,0,26,70
2023-02-16,Astoria,2,Thursday,0,Evening,5,0,35,1,7,3,1,0,14,66
2023-02-16,Astoria,2,Thursday,0,Morning,27,0,78,4,17,12,2,0,65,205
2023-02-16,Hell's Kitchen,2,Thursday,0,Afternoon,4,0,13,0,8,3,0,0,18,46
2023-02-16,Hell's Kitchen,2,Thursday,0,Evening,0,0,9,0,2,3,1,0,10,25
2023-02-16,Hell's Kitchen,2,Thursday,0,Morning,28,2,67,5,11,10,3,1,67,194
2023-02-16,Lower Manhattan,2,Thursday,0,Afternoon,7,2,27,1,8,6,0,1,28,80
2023-02-16,Lower Manhattan,2,Thursday,0,Evening,1,0,8,0,2,0,0,0,4,15
2023-02-16,Lower Manhattan,2,Thursday,0,Morning,21,1,61,2,15,9,3,0,59,171
2023-02-17,Astoria,2,Friday,0,Afternoon,9,2,34,0,2,2,0,0,14,63
2023-02-17,Astoria,2,Friday,0,Evening,6,1,13,0,3,0,0,0,16,39
2023-02-17,Astoria,2,Friday,0,Morning,22,0,87,2,16,17,1,0,51,196
2023-02-17,Hell's Kitchen,2,Friday,0,Afternoon,0,0,20,1,5,3,0,0,15,44
2023-02-17,Hell's Kitchen,2,Friday,0,Evening,2,0,13,0,1,2,0,0,5,23
2023-02-17,Hell's Kitchen,2,Friday,0,Morning,25,0,51,0,9,3,0,2,52,142
2023-02-17,Lower Manhattan,2,Friday,0,Afternoon,6,0,23,0,5,8,0,0,16,58
2023-02-17,Lower Manhattan,2,Friday,0,Evening,3,0,5,0,2,2,0,0,5,17
2023-02-17,Lower Manhattan,2,Friday,0,Morning,17,1,60,0,15,10,1,0,50,154
2023-02-18,Astoria,2,Saturday,1,Afternoon,5,1,20,1,6,2,0,0,24,59
2023-02-18,Astoria,2,Saturday,1,Evening,3,2,7,1,2,2,0,0,11,28
2023-02-18,Astoria,2,Saturday,1,Morning,28,1,77,1,29,21,2,1,50,210
2023-02-18,Hell's Kitchen,2,Saturday,1,Afternoon,1,0,24,0,13,1,0,0,19,58
2023-02-18,Hell's Kitchen,2,Saturday,1,Evening,1,0,16,0,2,1,0,0,6,26
2023-02-18,Hell's Kitchen,2,Saturday,1,Morning,26,1,81,8,16,14,4,0,63,213
2023-02-18,Lower Manhattan,2,Saturday,1,Afternoon,12,0,24,3,6,15,1,0,22,83
2023-02-18,Lower Manhattan,2,Saturday,1,Evening,0,0,6,0,1,2,0,1,0,10
2023-02-18,Lower Manhattan,2,Saturday,1,Morning,11,1,52,2,9,17,1,1,46,140
2023-02-19,Astoria,2,Sunday,1,Afternoon,4,1,21,1,8,0,0,0,36,71
2023-02-19,Astoria,2,Sunday,1,Evening,7,0,15,0,5,0,0,0,21,48
2023-02-19,Astoria,2,Sunday,1,Morning,25,1,98,7,14,14,3,0,61,223
2023-02-19,Hell's Kitchen,2,Sunday,1,Afternoon,4,1,28,1,6,6,1,0,16,63
2023-02-19,Hell's Kitchen,2,Sunday,1,Evening,1,0,24,1,5,2,0,0,7,40
2023-02-19,Hell's Kitchen,2,Sunday,1,Morning,43,0,85,5,19,11,2,0,63,228
2023-02-19,Lower Manhattan,2,Sunday,1,Afternoon,9,1,39,0,8,8,0,0,16,81
2023-02-19,Lower Manhattan,2,Sunday,1,Evening,2,0,7,0,1,3,0,0,6,19
2023-02-19,Lower Manhattan,2,Sunday,1,Morning,13,1,71,2,10,22,0,0,56,175
2023-02-20,Astoria,2,Monday,0,Afternoon,16,0,10,1,4,0,0,0,11,42
2023-02-20,Astoria,2,Monday,0,Evening,12,0,9,0,1,1,1,1,10,35
2023-02-20,Astoria,2,Monday,0,Morning,28,0,44,3,14,10,5,0,28,132
2023-02-20,Hell's Kitchen,2,Monday,0,Afternoon,6,0,24,1,6,6,0,1,20,64
2023-02-20,Hell's Kitchen,2,Monday,0,Evening,4,1,18,0,9,8,0,0,11,51
2023-02-20,Hell's Kitchen,2,Monday,0,Morning,19,3,73,3,19,26,1,0,57,201
2023-02-20,Lower Manhattan,2,Monday,0,Afternoon,12,1,42,0,2,5,1,0,31,94
2023-02-20,Lower Manhattan,2,Monday,0,Evening,1,1,4,0,7,3,0,0,3,19
2023-02-20,Lower Manhattan,2,Monday,0,Morning,40,1,95,2,9,16,0,1,59,223
2023-02-21,Astoria,2,Tuesday,0,Afternoon,2,1,15,2,5,3,1,0,11,40
2023-02-21,Astoria,2,Tuesday,0,Evening,4,0,22,1,0,5,0,0,8,40
2023-02-21,Astoria,2,Tuesday,0,Morning,13,1,56,5,12,18,1,2,50,158
2023-02-21,Hell's Kitchen,2,Tuesday,0,Afternoon,8,1,42,1,0,10,0,0,17,79
2023-02-21,Hell's Kitchen,2,Tuesday,0,Evening,5,0,21,0,4,4,0,0,10,44
2023-02-21,Hell's Kitchen,2,Tuesday,0,Morning,20,0,73,1,19,19,0,0,52,184
2023-02-21,Lower Manhattan,2,Tuesday,0,Afternoon,10,2,24,2,1,5,0,0,22,66
2023-02-21,Lower Manhattan,2,Tuesday,0,Evening,2,0,6,0,2,2,0,0,10,22
2023-02-21,Lower Manhattan,2,Tuesday,0,Morning,24,1,67,2,19,7,1,0,67,188
2023-02-22,Astoria,2,Wednesday,0,Afternoon,12,0,56,0,16,0,0,0,44,128
2023-02-22,Astoria,2,Wednesday,0,Evening,6,0,24,0,11,0,0,0,35,76
2023-02-22,Astoria,2,Wednesday,0,Morning,12,0,62,0,8,0,0,0,48,130
2023-02-22,Hell's Kitchen,2,Wednesday,0,Afternoon,7,0,29,0,4,3,1,0,25,69
2023-02-22,Hell's Kitchen,2,Wednesday,0,Evening,1,0,17,0,4,1,0,0,9,32
2023-02-22,Hell's Kitchen,2,Wednesday,0,Morning,17,0,70,2,14,1,2,0,47,153
2023-02-22,Lower Manhattan,2,Wednesday,0,Afternoon,10,1,35,0,1,4,2,0,36,89
2023-02-22,Lower Manhattan,2,Wednesday,0,Evening,2,0,11,0,0,3,0,0,10,26
2023-02-22,Lower Manhattan,2,Wednesday,0,Morning,24,0,85,4,12,15,0,0,68,208
2023-02-23,Astoria,2,Thursday,0,Afternoon,13,0,41,0,10,0,0,0,42,106
2023-02-23,Astoria,2,Thursday,0,Evening,5,0,23,0,12,0,0,0,18,58
2023-02-23,Astoria,2,Thursday,0,Morning,13,0,51,0,10,0,0,0,45,119
2023-02-23,Hell's Kitchen,2,Thursday,0,Afternoon,3,0,16,1,2,0,0,0,26,48
2023-02-23,Hell's Kitchen,2,Thursday,0,Evening,6,0,18,0,2,0,0,0,9,35
2023-02-23,Hell's Kitchen,2,Thursday,0,Morning,25,0,68,5,9,1,0,2,47,157
2023-02-23,Lower Manhattan,2,Thursday,0,Afternoon,4,0,32,1,6,5,2,0,22,72
2023-02-23,Lower Manhattan,2,Thursday,0,Evening,2,0,6,0,2,3,0,0,8,21
2023-02-23,Lower Manhattan,2,Thursday,0,Morning,22,1,83,0,22,18,1,1,70,218
2023-02-24,Astoria,2,Friday,0,Afternoon,13,0,64,0,18,0,0,0,31,126
2023-02-24,Astoria,2,Friday,0,Evening,7,0,29,0,6,0,0,0,21,63
2023-02-24,Astoria,2,Friday,0,Morning,13,0,60,0,13,0,0,0,28,114
2023-02-24,Hell's Kitchen,2,Friday,0,Afternoon,2,0,26,0,3,0,0,0,31,62
2023-02-24,Hell's Kitchen,2,Friday,0,Evening,3,0,15,0,4,0,1,0,11,34
2023-02-24,Hell's Kitchen,2,Friday,0,Morning,23,0,63,2,12,2,2,0,56,160
2023-02-24,Lower Manhattan,2,Friday,0,Afternoon,15,0,32,0,6,6,1,0,53,113
2023-02-24,Lower Manhattan,2,Friday,0,Evening,1,0,5,0,0,0,0,0,11,17
2023-02-24,Lower Manhattan,2,Friday,0,Morning,24,0,94,3,19,20,4,1,78,243
2023-02-25,Astoria,2,Saturday,1,Afternoon,12,0,42,0,7,0,0,0,36,97
2023-02-25,Astoria,2,Saturday,1,Evening,1,0,18,0,10,0,0,0,23,52
2023-02-25,Astoria,2,Saturday,1,Morning,12,0,68,0,1,0,0,0,36,117
2023-02-25,Hell's Kitchen,2,Saturday,1,Afternoon,5,0,28,1,3,0,2,0,19,58
2023-02-25,Hell's Kitchen,2,Saturday,1,Evening,6,0,11,1,3,0,1,0,11,33
2023-02-25,Hell's Kitchen,2,Saturday,1,Morning,20,0,65,0,14,3,4,0,58,164
2023-02-25,Lower Manhattan,2,Saturday,1,Afternoon,8,0,27,0,9,7,0,1,37,89
2023-02-25,Lower Manhattan,2,Saturday,1,Evening,3,0,10,0,3,1,0,0,8,25
2023-02-25,Lower Manhattan,2,Saturday,1,Morning,24,0,114,5,15,11,2,0,82,253
2023-02-26,Astoria,2,Sunday,1,Afternoon,12,0,61,0,11,0,0,0,55,139
2023-02-26,Astoria,2,Sunday,1,Evening,7,0,36,0,6,0,0,0,26,75
2023-02-26,Astoria,2,Sunday,1,Morning,7,0,68,0,6,0,0,0,42,123
2023-02-26,Hell's Kitchen,2,Sunday,1,Afternoon,8,0,35,2,3,0,0,0,25,73
2023-02-26,Hell's Kitchen,2,Sunday,1,Evening,5,0,18,0,2,2,0,0,22,49
2023-02-26,Hell's Kitchen,2,Sunday,1,Morning,23,0,69,2,9,2,4,0,38,147
2023-02-26,Lower Manhattan,2,Sunday,1,Afternoon,7,0,42,4,3,3,0,0,21,80
2023-02-26,Lower Manhattan,2,Sunday,1,Evening,0,1,3,0,0,2,0,0,3,9
2023-02-26,Lower Manhattan,2,Sunday,1,Morning,14,2,75,1,27,21,0,1,69,210
2023-02-27,Astoria,2,Monday,0,Afternoon,9,0,31,0,10,0,0,0,44,94
2023-02-27,Astoria,2,Monday,0,Evening,8,0,30,0,4,0,0,0,36,78
2023-02-27,Astoria,2,Monday,0,Morning,13,0,49,0,19,0,0,0,48,129
2023-02-27,Hell's Kitchen,2,Monday,0,Afternoon,0,0,19,0,10,3,0,0,11,43
2023-02-27,Hell's Kitchen,2,Monday,0,Evening,3,0,19,0,3,3,0,0,13,41
2023-02-27,Hell's Kitchen,2,Monday,0,Morning,10,0,81,0,10,18,0,0,69,188
2023-02-27,Lower Manhattan,2,Monday,0,Afternoon,11,2,58,2,3,5,1,2,46,130
2023-02-27,Lower Manhattan,2,Monday,0,Evening,5,0,8,0,1,5,0,0,9,28
2023-02-27,Lower Manhattan,2,Monday,0,Morning,37,2,100,4,28,19,1,0,85,276
2023-02-28,Astoria,2,Tuesday,0,Afternoon,5,0,40,0,3,0,0,0,27,75
2023-02-28,Astoria,2,Tuesday,0,Evening,11,0,37,0,12,0,0,0,30,90
2023-02-28,Astoria,2,Tuesday,0,Morning,6,0,59,0,2,0,0,0,43,110
2023-02-28,Hell's Kitchen,2,Tuesday,0,Afternoon,11,0,48,0,12,0,0,0,38,109
2023-02-28,Hell's Kitchen,2,Tuesday,0,Evening,9,0,25,0,5,0,0,0,21,60
2023-02-28,Hell's Kitchen,2,Tuesday,0,Morning,3,0,33,0,7,0,0,0,25,68
2023-02-28,Lower Manhattan,2,Tuesday,0,Afternoon,11,0,56,0,10,0,0,0,31,108
2023-02-28,Lower Manhattan,2,Tuesday,0,Evening,1,0,13,0,0,0,0,0,5,19
2023-02-28,Lower Manhattan,2,Tuesday,0,Morning,15,0,45,0,8,0,0,0,37,105
2023-03-01,Astoria,3,Wednesday,0,Afternoon,16,0,67,0,8,0,0,0,87,178
2023-03-01,Astoria,3,Wednesday,0,Evening,11,0,43,0,17,0,0,0,38,109
2023-03-01,Astoria,3,Wednesday,0,Morning,5,0,12,0,4,0,0,0,20,41
2023-03-01,Hell's Kitchen,3,Wednesday,0,Afternoon,10,0,51,0,11,0,0,0,51,123
2023-03-01,Hell's Kitchen,3,Wednesday,0,Evening,4,0,46,0,9,0,0,0,30,89
2023-03-01,Hell's Kitchen,3,Wednesday,0,Morning,8,0,55,0,8,0,0,0,47,118
2023-03-01,Lower Manhattan,3,Wednesday,0,Afternoon,18,0,74,0,8,0,0,0,32,132
2023-03-01,Lower Manhattan,3,Wednesday,0,Evening,3,0,20,0,0,0,0,0,11,34
2023-03-01,Lower Manhattan,3,Wednesday,0,Morning,19,0,66,0,13,0,0,0,46,144
2023-03-02,Astoria,3,Thursday,0,Afternoon,16,0,81,0,16,0,0,0,83,196
2023-03-02,Astoria,3,Thursday,0,Evening,15,0,53,0,11,0,0,0,40,119
2023-03-02,Astoria,3,Thursday,0,Morning,5,0,16,0,2,0,0,0,14,37
2023-03-02,Hell's Kitchen,3,Thursday,0,Afternoon,10,0,72,0,5,0,0,0,44,131
2023-03-02,Hell's Kitchen,3,Thursday,0,Evening,10,0,43,0,6,0,0,0,36,95
2023-03-02,Hell's Kitchen,3,Thursday,0,Morning,8,0,44,0,16,0,0,0,37,105
2023-03-02,Lower Manhattan,3,Thursday,0,Afternoon,18,0,67,0,11,0,0,0,54,150
2023-03-02,Lower Manhattan,3,Thursday,0,Evening,5,0,13,0,8,0,0,0,9,35
2023-03-02,Lower Manhattan,3,Thursday,0,Morning,10,0,41,0,14,0,0,0,30,95
2023-03-03,Astoria,3,Friday,0,Afternoon,21,0,100,0,15,0,0,0,74,210
2023-03-03,Astoria,3,Friday,0,Evening,7,0,48,0,14,0,0,0,42,111
2023-03-03,Astoria,3,Friday,0,Morning,4,0,27,0,5,0,0,0,14,50
2023-03-03,Hell's Kitchen,3,Friday,0,Afternoon,14,0,56,0,14,0,0,0,69,153
2023-03-03,Hell's Kitchen,3,Friday,0,Evening,7,0,41,0,12,0,0,0,30,90
2023-03-03,Hell's Kitchen,3,Friday,0,Morning,5,0,29,0,12,0,0,0,39,85
2023-03-03,Lower Manhattan,3,Friday,0,Afternoon,18,0,50,0,10,0,0,0,49,127
2023-03-03,Lower Manhattan,3,Friday,0,Evening,4,0,16,0,3,0,0,0,14,37
2023-03-03,Lower Manhattan,3,Friday,0,Morning,18,0,70,0,9,0,0,0,50,147
2023-03-04,Astoria,3,Saturday,1,Afternoon,22,0,85,0,21,0,0,0,86,214
2023-03-04,Astoria,3,Saturday,1,Evening,10,0,32,0,5,0,0,0,42,89
2023-03-04,Astoria,3,Saturday,1,Morning,2,0,16,0,2,0,0,0,5,25
2023-03-04,Hell's Kitchen,3,Saturday,1,Afternoon,5,0,60,0,12,0,0,0,39,116
2023-03-04,Hell's Kitchen,3,Saturday,1,Evening,7,0,27,0,6,0,0,0,34,74
2023-03-04,Hell's Kitchen,3,Saturday,1,Morning,8,0,45,0,7,0,0,0,31,91
2023-03-04,Lower Manhattan,3,Saturday,1,Afternoon,14,0,63,0,15,0,0,0,57,149
2023-03-04,Lower Manhattan,3,Saturday,1,Evening,5,0,19,0,3,0,0,0,7,34
2023-03-04,Lower Manhattan,3,Saturday,1,Morning,13,0,43,0,14,0,0,0,35,105
2023-03-05,Astoria,3,Sunday,1,Afternoon,18,0,83,0,21,0,0,0,66,188
2023-03-05,Astoria,3,Sunday,1,Evening,13,0,54,0,20,0,0,0,46,133
2023-03-05,Astoria,3,Sunday,1,Morning,5,0,15,0,3,0,0,0,11,34
2023-03-05,Hell's Kitchen,3,Sunday,1,Afternoon,6,0,58,0,6,0,0,0,52,122
2023-03-05,Hell's Kitchen,3,Sunday,1,Evening,7,0,39,0,4,0,0,0,23,73
2023-03-05,Hell's Kitchen,3,Sunday,1,Morning,6,0,41,0,12,0,0,0,45,104
2023-03-05,Lower Manhattan,3,Sunday,1,Afternoon,17,0,49,0,14,0,0,0,40,120
2023-03-05,Lower Manhattan,3,Sunday,1,Evening,4,0,16,0,4,0,0,0,14,38
2023-03-05,Lower Manhattan,3,Sunday,1,Morning,24,0,57,0,12,0,0,0,47,140
2023-03-06,Astoria,3,Monday,0,Afternoon,21,0,52,0,15,0,0,0,45,133
2023-03-06,Astoria,3,Monday,0,Evening,8,0,34,0,12,0,0,0,21,75
2023-03-06,Astoria,3,Monday,0,Morning,6,0,4,0,1,0,0,0,12,23
2023-03-06,Hell's Kitchen,3,Monday,0,Afternoon,10,0,73,0,14,0,0,0,43,140
2023-03-06,Hell's Kitchen,3,Monday,0,Evening,4,0,17,0,4,0,0,0,34,59
2023-03-06,Hell's Kitchen,3,Monday,0,Morning,9,0,53,0,12,0,0,0,33,107
2023-03-06,Lower Manhattan,3,Monday,0,Afternoon,15,0,50,0,23,0,0,0,42,130
2023-03-06,Lower Manhattan,3,Monday,0,Evening,3,0,26,0,4,0,0,0,14,47
2023-03-06,Lower Manhattan,3,Monday,0,Morning,17,0,48,0,13,0,0,0,44,122
2023-03-07,Astoria,3,Tuesday,0,Afternoon,10,0,55,0,5,0,0,0,27,97
2023-03-07,Astoria,3,Tuesday,0,Evening,6,0,22,0,6,0,0,0,30,64
2023-03-07,Astoria,3,Tuesday,0,Morning,17,0,59,0,11,0,0,0,45,132
2023-03-07,Hell's Kitchen,3,Tuesday,0,Afternoon,5,0,44,0,0,7,0,0,20,76
2023-03-07,Hell's Kitchen,3,Tuesday,0,Evening,12,0,39,0,4,4,0,0,31,90
2023-03-07,Hell's Kitchen,3,Tuesday,0,Morning,23,0,97,2,14,15,1,0,56,208
2023-03-07,Lower Manhattan,3,Tuesday,0,Afternoon,0,0,3,0,0,2,0,0,5,10
2023-03-07,Lower Manhattan,3,Tuesday,0,Morning,19,0,85,5,9,20,2,1,65,206
2023-03-08,Astoria,3,Wednesday,0,Afternoon,26,0,57,1,13,0,2,0,34,133
2023-03-08,Astoria,3,Wednesday,0,Evening,13,1,23,2,5,0,1,0,32,77
2023-03-08,Astoria,3,Wednesday,0,Morning,31,1,43,1,7,0,1,1,37,122
2023-03-08,Hell's Kitchen,3,Wednesday,0,Afternoon,8,0,33,0,1,6,0,2,20,70
2023-03-08,Hell's Kitchen,3,Wednesday,0,Evening,5,0,19,2,4,0,1,0,17,48
2023-03-08,Hell's Kitchen,3,Wednesday,0,Morning,32,0,101,3,21,16,3,0,63,239
2023-03-08,Lower Manhattan,3,Wednesday,0,Afternoon,4,0,31,1,4,9,0,0,24,73
2023-03-08,Lower Manhattan,3,Wednesday,0,Evening,3,0,15,1,4,7,0,1,26,57
2023-03-08,Lower Manhattan,3,Wednesday,0,Morning,19,1,75,5,20,29,2,0,69,220
2023-03-09,Astoria,3,Thursday,0,Afternoon,2,0,23,3,5,0,0,1,14,48
2023-03-09,Astoria,3,Thursday,0,Evening,3,0,16,0,1,0,2,1,16,39
2023-03-09,Astoria,3,Thursday,0,Morning,27,0,67,2,20,0,1,1,44,162
2023-03-09,Hell's Kitchen,3,Thursday,0,Afternoon,11,0,23,2,6,4,0,0,25,71
2023-03-09,Hell's Kitchen,3,Thursday,0,Evening,6,0,27,0,6,5,0,0,17,61
2023-03-09,Hell's Kitchen,3,Thursday,0,Morning,23,0,109,4,16,26,1,3,85,267
2023-03-09,Lower Manhattan,3,Thursday,0,Afternoon,5,0,32,1,5,0,0,1,15,59
2023-03-09,Lower Manhattan,3,Thursday,0,Evening,5,3,23,0,4,0,1,0,14,50
2023-03-09,Lower Manhattan,3,Thursday,0,Morning,21,9,89,3,15,5,6,1,77,226
2023-03-10,Astoria,3,Friday,0,Afternoon,7,2,33,0,11,11,0,0,28,92
2023-03-10,Astoria,3,Friday,0,Evening,4,0,12,2,4,1,3,0,15,41
2023-03-10,Astoria,3,Friday,0,Morning,19,0,69,3,8,20,0,0,75,194
2023-03-10,Hell's Kitchen,3,Friday,0,Afternoon,6,0,31,1,4,8,2,0,34,86
2023-03-10,Hell's Kitchen,3,Friday,0,Evening,9,0,13,0,0,1,0,1,28,52
2023-03-10,Hell's Kitchen,3,Friday,0,Morning,32,1,101,4,16,12,0,3,77,246
2023-03-10,Lower Manhattan,3,Friday,0,Afternoon,2,0,32,0,5,6,1,0,27,73
2023-03-10,Lower Manhattan,3,Friday,0,Evening,3,0,5,0,2,2,0,0,7,19
2023-03-10,Lower Manhattan,3,Friday,0,Morning,25,2,88,3,23,26,2,0,79,248
2023-03-11,Astoria,3,Saturday,1,Afternoon,8,2,28,0,4,8,0,0,22,72
2023-03-11,Astoria,3,Saturday,1,Evening,3,1,23,0,4,7,0,1,20,59
2023-03-11,Astoria,3,Saturday,1,Morning,13,2,62,3,12,13,0,0,59,164
2023-03-11,Hell's Kitchen,3,Saturday,1,Afternoon,4,0,29,1,8,4,1,0,24,71
2023-03-11,Hell's Kitchen,3,Saturday,1,Evening,3,0,23,0,3,6,0,1,15,51
2023-03-11,Hell's Kitchen,3,Saturday,1,Morning,31,2,98,1,14,29,2,0,64,241
2023-03-11,Lower Manhattan,3,Saturday,1,Afternoon,9,0,32,1,9,20,3,0,30,104
2023-03-11,Lower Manhattan,3,Saturday,1,Evening,5,0,11,0,0,2,0,0,5,23
2023-03-11,Lower Manhattan,3,Saturday,1,Morning,23,0,81,2,19,27,2,0,63,217
2023-03-12,Astoria,3,Sunday,1,Afternoon,6,0,21,0,0,3,1,0,9,40
2023-03-12,Astoria,3,Sunday,1,Evening,1,0,19,0,4,4,1,0,6,35
2023-03-12,Astoria,3,Sunday,1,Morning,24,0,54,3,11,5,1,2,27,127
2023-03-12,Hell's Kitchen,3,Sunday,1,Afternoon,10,1,30,2,3,9,1,0,22,78
2023-03-12,Hell's Kitchen,3,Sunday,1,Evening,6,1,26,2,4,6,1,0,15,61
2023-03-12,Hell's Kitchen,3,Sunday,1,Morning,21,0,94,4,22,20,2,0,68,231
2023-03-12,Lower Manhattan,3,Sunday,1,Afternoon,10,0,35,1,9,4,0,0,24,83
2023-03-12,Lower Manhattan,3,Sunday,1,Evening,4,0,25,1,1,9,0,0,7,47
2023-03-12,Lower Manhattan,3,Sunday,1,Morning,33,0,83,1,18,32,1,1,76,245
2023-03-13,Astoria,3,Monday,0,Afternoon,5,0,33,0,9,5,0,0,14,66
2023-03-13,Astoria,3,Monday,0,Evening,0,0,11,0,2,3,0,0,11,27
2023-03-13,Astoria,3,Monday,0,Morning,25,0,67,0,12,11,0,0,74,189
2023-03-13,Hell's Kitchen,3,Monday,0,Afternoon,8,0,47,3,10,6,1,0,25,100
2023-03-13,Hell's Kitchen,3,Monday,0,Evening,4,0,29,0,3,2,0,0,26,64
2023-03-13,Hell's Kitchen,3,Monday,0,Morning,24,0,129,6,9,19,5,1,66,259
2023-03-13,Lower Manhattan,3,Monday,0,Afternoon,14,0,37,5,22,11,1,1,30,121
2023-03-13,Lower Manhattan,3,Monday,0,Evening,2,0,13,0,2,1,0,0,9,27
2023-03-13,Lower Manhattan,3,Monday,0,Morning,34,1,88,0,21,28,1,0,84,257
2023-03-14,Astoria,3,Tuesday,0,Afternoon,2,1,15,2,4,2,0,0,17,43
2023-03-14,Astoria,3,Tuesday,0,Evening,4,2,18,1,2,5,0,0,19,51
2023-03-14,Astoria,3,Tuesday,0,Morning,12,4,62,3,7,19,0,0,56,163
2023-03-14,Hell's Kitchen,3,Tuesday,0,Afternoon,9,0,25,3,3,2,2,0,22,66
2023-03-14,Hell's Kitchen,3,Tuesday,0,Evening,8,0,14,1,3,0,0,0,19,45
2023-03-14,Hell's Kitchen,3,Tuesday,0,Morning,45,0,103,5,5,31,7,1,72,269
2023-03-14,Lower Manhattan,3,Tuesday,0,Afternoon,10,3,18,0,5,3,0,0,12,51
2023-03-14,Lower Manhattan,3,Tuesday,0,Evening,3,0,8,0,0,6,1,0,3,21
2023-03-14,Lower Manhattan,3,Tuesday,0,Morning,33,3,88,2,12,22,0,3,46,209
2023-03-15,Astoria,3,Wednesday,0,Afternoon,6,2,34,1,9,4,1,0,20,77
2023-03-15,Astoria,3,Wednesday,0,Evening,2,0,15,3,3,0,0,0,15,38
2023-03-15,Astoria,3,Wednesday,0,Morning,34,3,116,6,17,23,4,0,80,283
2023-03-15,Hell's Kitchen,3,Wednesday,0,Afternoon,5,0,17,0,8,1,2,1,23,57
2023-03-15,Hell's Kitchen,3,Wednesday,0,Evening,2,0,21,0,12,8,1,0,10,54
2023-03-15,Hell's Kitchen,3,Wednesday,0,Morning,32,1,74,0,20,20,2,2,55,206
2023-03-15,Lower Manhattan,3,Wednesday,0,Afternoon,7,1,34,0,8,5,1,2,20,78
2023-03-15,Lower Manhattan,3,Wednesday,0,Evening,1,1,10,0,2,0,0,0,4,18
2023-03-15,Lower Manhattan,3,Wednesday,0,Morning,19,1,66,0,21,14,4,1,63,189
2023-03-16,Astoria,3,Thursday,0,Afternoon,6,1,29,1,5,3,0,0,33,78
2023-03-16,Astoria,3,Thursday,0,Evening,6,0,29,2,10,3,0,0,13,63
2023-03-16,Astoria,3,Thursday,0,Morning,25,0,92,0,16,9,3,1,72,218
2023-03-16,Hell's Kitchen,3,Thursday,0,Afternoon,4,0,25,0,10,3,0,0,15,57
2023-03-16,Hell's Kitchen,3,Thursday,0,Evening,0,0,15,0,4,2,0,0,17,38
2023-03-16,Hell's Kitchen,3,Thursday,0,Morning,37,1,107,3,13,19,1,2,72,255
2023-03-16,Lower Manhattan,3,Thursday,0,Afternoon,10,1,40,2,6,6,1,0,35,101
2023-03-16,Lower Manhattan,3,Thursday,0,Evening,2,0,9,1,0,0,0,0,8,20
2023-03-16,Lower Manhattan,3,Thursday,0,Morning,24,1,67,3,15,12,3,0,82,207
2023-03-17,Astoria,3,Friday,0,Afternoon,10,1,33,0,0,1,0,0,27,72
2023-03-17,Astoria,3,Friday,0,Evening,2,2,13,1,2,0,0,0,15,35
2023-03-17,Astoria,3,Friday,0,Morning,30,6,115,4,19,28,6,0,93,301
2023-03-17,Hell's Kitchen,3,Friday,0,Afternoon,0,0,21,2,4,8,0,0,11,46
2023-03-17,Hell's Kitchen,3,Friday,0,Evening,1,0,7,0,2,1,0,0,12,23
2023-03-17,Hell's Kitchen,3,Friday,0,Morning,26,0,74,4,6,13,0,2,42,167
2023-03-17,Lower Manhattan,3,Friday,0,Afternoon,9,2,32,0,4,6,0,0,20,73
2023-03-17,Lower Manhattan,3,Friday,0,Evening,5,0,14,0,0,0,0,0,7,26
2023-03-17,Lower Manhattan,3,Friday,0,Morning,22,1,76,1,17,14,1,1,66,199
2023-03-18,Astoria,3,Saturday,1,Afternoon,5,0,27,1,8,5,2,0,22,70
2023-03-18,Astoria,3,Saturday,1,Evening,3,1,18,2,3,2,0,0,15,44
2023-03-18,Astoria,3,Saturday,1,Morning,29,2,88,2,20,22,2,1,73,239
2023-03-18,Hell's Kitchen,3,Saturday,1,Afternoon,2,0,27,1,11,3,0,0,23,67
2023-03-18,Hell's Kitchen,3,Saturday,1,Evening,2,0,16,1,3,2,0,0,9,33
2023-03-18,Hell's Kitchen,3,Saturday,1,Morning,35,1,86,5,17,11,4,1,77,237
2023-03-18,Lower Manhattan,3,Saturday,1,Afternoon,17,1,32,2,14,9,1,0,25,101
2023-03-18,Lower Manhattan,3,Saturday,1,Evening,0,0,1,0,0,0,0,0,3,4
2023-03-18,Lower Manhattan,3,Saturday,1,Morning,20,2,86,1,8,29,3,3,54,206
2023-03-19,Astoria,3,Sunday,1,Afternoon,4,1,32,1,4,2,0,0,32,76
2023-03-19,Astoria,3,Sunday,1,Evening,4,0,12,3,8,0,0,0,16,43
2023-03-19,Astoria,3,Sunday,1,Morning,27,3,100,8,26,19,2,1,87,273
2023-03-19,Hell's Kitchen,3,Sunday,1,Afternoon,4,0,27,1,4,6,0,0,20,62
2023-03-19,Hell's Kitchen,3,Sunday,1,Evening,2,0,14,0,6,1,0,0,14,37
2023-03-19,Hell's Kitchen,3,Sunday,1,Morning,42,0,90,3,14,13,3,1,75,241
2023-03-19,Lower Manhattan,3,Sunday,1,Afternoon,7,0,31,1,7,12,0,0,20,78
2023-03-19,Lower Manhattan,3,Sunday,1,Evening,1,0,8,0,0,4,0,0,6,19
2023-03-19,Lower Manhattan,3,Sunday,1,Morning,14,0,70,1,10,12,0,0,52,159
2023-03-20,Astoria,3,Monday,0,Afternoon,16,0,18,2,2,2,3,0,22,65
2023-03-20,Astoria,3,Monday,0,Evening,9,0,12,0,1,2,3,2,7,36
2023-03-20,Astoria,3,Monday,0,Morning,46,0,52,7,20,10,4,1,44,184
2023-03-20,Hell's Kitchen,3,Monday,0,Afternoon,10,0,24,1,10,8,0,1,26,80
2023-03-20,Hell's Kitchen,3,Monday,0,Evening,2,0,23,0,3,8,0,0,18,54
2023-03-20,Hell's Kitchen,3,Monday,0,Morning,21,2,88,0,21,21,4,0,60,217
2023-03-20,Lower Manhattan,3,Monday,0,Afternoon,8,0,36,0,3,5,1,0,33,86
2023-03-20,Lower Manhattan,3,Monday,0,Evening,3,0,20,0,0,4,0,0,2,29
2023-03-20,Lower Manhattan,3,Monday,0,Morning,33,2,90,0,18,18,0,0,76,237
2023-03-21,Astoria,3,Tuesday,0,Afternoon,5,0,12,1,4,10,1,0,16,49
2023-03-21,Astoria,3,Tuesday,0,Evening,3,0,14,1,8,0,1,0,14,41
2023-03-21,Astoria,3,Tuesday,0,Morning,17,2,51,4,15,13,0,0,44,146
2023-03-21,Hell's Kitchen,3,Tuesday,0,Afternoon,14,0,34,0,4,8,1,0,26,87
2023-03-21,Hell's Kitchen,3,Tuesday,0,Evening,4,0,28,1,4,8,0,0,19,64
2023-03-21,Hell's Kitchen,3,Tuesday,0,Morning,31,2,84,3,21,21,1,2,78,243
2023-03-21,Lower Manhattan,3,Tuesday,0,Afternoon,14,1,36,1,3,7,1,0,18,81
2023-03-21,Lower Manhattan,3,Tuesday,0,Evening,1,0,7,0,0,4,0,0,10,22
2023-03-21,Lower Manhattan,3,Tuesday,0,Morning,25,1,83,4,22,15,1,0,65,216
2023-03-22,Astoria,3,Wednesday,0,Afternoon,12,0,67,0,11,0,0,0,58,148
2023-03-22,Astoria,3,Wednesday,0,Evening,3,0,38,0,6,0,0,0,22,69
2023-03-22,Astoria,3,Wednesday,0,Morning,18,0,55,0,12,0,0,0,65,150
2023-03-22,Hell's Kitchen,3,Wednesday,0,Afternoon,10,0,31,0,7,4,0,0,15,67
2023-03-22,Hell's Kitchen,3,Wednesday,0,Evening,8,0,20,0,10,0,0,1,13,52
2023-03-22,Hell's Kitchen,3,Wednesday,0,Morning,24,0,61,4,15,2,1,0,51,158
2023-03-22,Lower Manhattan,3,Wednesday,0,Afternoon,8,1,38,0,6,2,0,1,37,93
2023-03-22,Lower Manhattan,3,Wednesday,0,Evening,2,0,10,0,1,4,0,0,10,27
2023-03-22,Lower Manhattan,3,Wednesday,0,Morning,24,3,100,3,21,18,1,2,78,250
2023-03-23,Astoria,3,Thursday,0,Afternoon,16,0,53,0,15,0,0,0,48,132
2023-03-23,Astoria,3,Thursday,0,Evening,9,0,35,0,19,0,0,0,21,84
2023-03-23,Astoria,3,Thursday,0,Morning,9,0,50,0,12,0,0,0,41,112
2023-03-23,Hell's Kitchen,3,Thursday,0,Afternoon,5,0,21,1,3,3,0,0,31,64
2023-03-23,Hell's Kitchen,3,Thursday,0,Evening,3,0,28,0,2,1,0,0,16,50
2023-03-23,Hell's Kitchen,3,Thursday,0,Morning,32,0,86,5,20,1,2,1,64,211
2023-03-23,Lower Manhattan,3,Thursday,0,Afternoon,6,0,40,0,4,7,1,0,30,88
2023-03-23,Lower Manhattan,3,Thursday,0,Evening,6,0,13,0,0,6,0,0,17,42
2023-03-23,Lower Manhattan,3,Thursday,0,Morning,23,0,101,1,23,27,3,1,78,257
2023-03-24,Astoria,3,Friday,0,Afternoon,10,0,73,0,2,0,0,0,47,132
2023-03-24,Astoria,3,Friday,0,Evening,6,0,41,0,9,0,0,0,24,80
2023-03-24,Astoria,3,Friday,0,Morning,17,0,73,0,11,0,0,0,42,143
2023-03-24,Hell's Kitchen,3,Friday,0,Afternoon,7,0,36,1,8,1,1,0,20,74
2023-03-24,Hell's Kitchen,3,Friday,0,Evening,4,0,16,1,6,0,1,0,10,38
2023-03-24,Hell's Kitchen,3,Friday,0,Morning,30,0,74,3,14,0,1,0,66,188
2023-03-24,Lower Manhattan,3,Friday,0,Afternoon,13,1,41,0,10,10,0,0,54,129
2023-03-24,Lower Manhattan,3,Friday,0,Evening,1,0,10,1,1,3,0,0,5,21
2023-03-24,Lower Manhattan,3,Friday,0,Morning,36,1,118,3,33,19,3,0,93,306
2023-03-25,Astoria,3,Saturday,1,Afternoon,8,0,61,0,8,0,0,0,45,122
2023-03-25,Astoria,3,Saturday,1,Evening,6,0,31,0,7,0,0,0,36,80
2023-03-25,Astoria,3,Saturday,1,Morning,12,0,70,0,13,0,0,0,40,135
2023-03-25,Hell's Kitchen,3,Saturday,1,Afternoon,3,0,41,0,9,0,2,0,22,77
2023-03-25,Hell's Kitchen,3,Saturday,1,Evening,4,0,16,0,5,0,0,0,10,35
2023-03-25,Hell's Kitchen,3,Saturday,1,Morning,27,0,84,3,8,7,2,0,54,185
2023-03-25,Lower Manhattan,3,Saturday,1,Afternoon,9,0,54,0,6,4,1,0,32,106
2023-03-25,Lower Manhattan,3,Saturday,1,Evening,2,0,12,0,4,5,0,0,10,33
2023-03-25,Lower Manhattan,3,Saturday,1,Morning,24,3,109,3,31,17,1,0,89,277
2023-03-26,Astoria,3,Sunday,1,Afternoon,15,0,61,0,10,0,0,0,56,142
2023-03-26,Astoria,3,Sunday,1,Evening,9,0,41,0,7,0,0,0,23,80
2023-03-26,Astoria,3,Sunday,1,Morning,17,0,86,0,11,0,0,0,55,169
2023-03-26,Hell's Kitchen,3,Sunday,1,Afternoon,9,0,24,2,6,4,0,0,17,62
2023-03-26,Hell's Kitchen,3,Sunday,1,Evening,6,0,19,0,0,5,1,1,14,46
2023-03-26,Hell's Kitchen,3,Sunday,1,Morning,25,0,75,3,11,5,4,0,56,179
2023-03-26,Lower Manhattan,3,Sunday,1,Afternoon,9,0,28,0,3,5,0,0,40,85
2023-03-26,Lower Manhattan,3,Sunday,1,Evening,1,0,2,0,0,0,0,0,7,10
2023-03-26,Lower Manhattan,3,Sunday,1,Morning,20,1,94,2,21,16,2,0,109,265
2023-03-27,Astoria,3,Monday,0,Afternoon,13,0,56,0,14,0,0,0,36,119
2023-03-27,Astoria,3,Monday,0,Evening,10,0,35,0,4,0,0,0,30,79
2023-03-27,Astoria,3,Monday,0,Morning,14,0,70,0,19,0,0,0,59,162
2023-03-27,Hell's Kitchen,3,Monday,0,Afternoon,3,0,31,0,9,10,0,0,27,80
2023-03-27,Hell's Kitchen,3,Monday,0,Evening,2,0,34,0,5,9,0,0,12,62
2023-03-27,Hell's Kitchen,3,Monday,0,Morning,25,0,96,0,15,12,0,0,90,238
2023-03-27,Lower Manhattan,3,Monday,0,Afternoon,9,2,53,3,13,6,0,0,41,127
2023-03-27,Lower Manhattan,3,Monday,0,Evening,5,0,15,0,3,0,0,0,15,38
2023-03-27,Lower Manhattan,3,Monday,0,Morning,31,0,109,4,26,8,0,0,94,272
2023-03-28,Astoria,3,Tuesday,0,Afternoon,8,0,57,0,7,0,0,0,44,116
2023-03-28,Astoria,3,Tuesday,0,Evening,5,0,27,0,9,0,0,0,18,59
2023-03-28,Astoria,3,Tuesday,0,Morning,7,0,61,0,9,0,0,0,60,137
2023-03-28,Hell's Kitchen,3,Tuesday,0,Afternoon,18,0,66,0,14,0,0,0,26,124
2023-03-28,Hell's Kitchen,3,Tuesday,0,Evening,12,0,32,0,6,0,0,0,22,72
2023-03-28,Hell's Kitchen,3,Tuesday,0,Morning,6,0,39,0,6,0,0,0,33,84
2023-03-28,Lower Manhattan,3,Tuesday,0,Afternoon,16,0,86,0,8,0,0,0,27,137
2023-03-28,Lower Manhattan,3,Tuesday,0,Evening,8,0,16,0,2,0,0,0,14,40
2023-03-28,Lower Manhattan,3,Tuesday,0,Morning,17,0,60,0,11,0,0,0,40,128
2023-03-29,Astoria,3,Wednesday,0,Afternoon,12,0,58,0,11,0,0,0,39,120
2023-03-29,Astoria,3,Wednesday,0,Evening,8,0,25,0,8,0,0,0,26,67
2023-03-29,Astoria,3,Wednesday,0,Morning,19,0,53,0,18,0,0,0,40,130
2023-03-29,Hell's Kitchen,3,Wednesday,0,Afternoon,10,0,46,0,10,0,0,0,34,100
2023-03-29,Hell's Kitchen,3,Wednesday,0,Evening,4,0,25,0,2,0,0,0,17,48
2023-03-29,Hell's Kitchen,3,Wednesday,0,Morning,7,0,46,0,4,0,0,0,16,73
2023-03-29,Lower Manhattan,3,Wednesday,0,Afternoon,17,0,64,0,10,0,0,0,50,141
2023-03-29,Lower Manhattan,3,Wednesday,0,Evening,9,0,23,0,7,0,0,0,8,47
2023-03-29,Lower Manhattan,3,Wednesday,0,Morning,17,0,37,0,7,0,0,0,25,86
2023-03-30,Astoria,3,Thursday,0,Afternoon,13,1,30,0,6,4,1,0,30,85
2023-03-30,Astoria,3,Thursday,0,Evening,5,0,23,0,4,0,0,0,28,60
2023-03-30,Astoria,3,Thursday,0,Morning,13,0,69,0,11,11,4,0,54,162
2023-03-30,Hell's Kitchen,3,Thursday,0,Afternoon,9,1,27,1,3,0,1,0,17,59
2023-03-30,Hell's Kitchen,3,Thursday,0,Evening,6,0,24,0,2,4,0,0,4,40
2023-03-30,Hell's Kitchen,3,Thursday,0,Morning,26,0,82,2,13,12,1,1,55,192
2023-03-30,Lower Manhattan,3,Thursday,0,Afternoon,4,0,24,0,7,5,0,0,20,60
2023-03-30,Lower Manhattan,3,Thursday,0,Evening,3,0,10,0,1,2,0,0,9,25
2023-03-30,Lower Manhattan,3,Thursday,0,Morning,37,0,104,0,12,13,3,1,64,234
2023-03-31,Astoria,3,Friday,0,Afternoon,6,0,37,0,8,2,0,0,18,71
2023-03-31,Astoria,3,Friday,0,Evening,7,0,19,2,7,0,0,0,30,65
2023-03-31,Astoria,3,Friday,0,Morning,21,0,76,0,4,11,1,0,43,156
2023-03-31,Hell's Kitchen,3,Friday,0,Afternoon,6,0,18,0,5,6,0,0,15,50
2023-03-31,Hell's Kitchen,3,Friday,0,Evening,4,0,9,0,0,0,0,0,26,39
2023-03-31,Hell's Kitchen,3,Friday,0,Morning,27,0,87,1,13,12,3,1,57,201
2023-03-31,Lower Manhattan,3,Friday,0,Afternoon,9,0,27,3,8,5,0,0,14,66
2023-03-31,Lower Manhattan,3,Friday,0,Evening,2,0,3,0,3,2,1,0,9,20
2023-03-31,Lower Manhattan,3,Friday,0,Morning,26,1,83,3,20,10,2,2,71,218
2023-04-01,Astoria,4,Saturday,1,Afternoon,23,0,121,0,11,0,0,0,91,246
2023-04-01,Astoria,4,Saturday,1,Evening,11,0,65,0,17,0,0,0,43,136
2023-04-01,Astoria,4,Saturday,1,Morning,4,0,15,0,7,0,0,0,25,51
2023-04-01,Hell's Kitchen,4,Saturday,1,Afternoon,16,0,76,0,17,0,0,0,49,158
2023-04-01,Hell's Kitchen,4,Saturday,1,Evening,9,0,59,0,12,0,0,0,39,119
2023-04-01,Hell's Kitchen,4,Saturday,1,Morning,6,0,58,0,4,0,0,0,45,113
2023-04-01,Lower Manhattan,4,Saturday,1,Afternoon,21,0,80,0,11,0,0,0,48,160
2023-04-01,Lower Manhattan,4,Saturday,1,Evening,6,0,27,0,0,0,0,0,13,46
2023-04-01,Lower Manhattan,4,Saturday,1,Morning,20,0,69,0,16,0,0,0,64,169
2023-04-02,Astoria,4,Sunday,1,Afternoon,26,0,92,0,20,0,0,0,97,235
2023-04-02,Astoria,4,Sunday,1,Evening,20,0,74,0,19,0,0,0,47,160
2023-04-02,Astoria,4,Sunday,1,Morning,3,0,15,0,2,0,0,0,15,35
2023-04-02,Hell's Kitchen,4,Sunday,1,Afternoon,16,0,86,0,15,0,0,0,58,175
2023-04-02,Hell's Kitchen,4,Sunday,1,Evening,10,0,53,0,3,0,0,0,35,101
2023-04-02,Hell's Kitchen,4,Sunday,1,Morning,4,0,58,0,14,0,0,0,47,123
2023-04-02,Lower Manhattan,4,Sunday,1,Afternoon,21,0,70,0,8,0,0,0,70,169
2023-04-02,Lower Manhattan,4,Sunday,1,Evening,8,0,24,0,6,0,0,0,9,47
2023-04-02,Lower Manhattan,4,Sunday,1,Morning,9,0,51,0,11,0,0,0,40,111
2023-04-03,Astoria,4,Monday,0,Afternoon,20,0,110,0,25,0,0,0,79,234
2023-04-03,Astoria,4,Monday,0,Evening,9,0,54,0,17,0,0,0,46,126
2023-04-03,Astoria,4,Monday,0,Morning,9,0,36,0,9,0,0,0,15,69
2023-04-03,Hell's Kitchen,4,Monday,0,Afternoon,16,0,68,0,16,0,0,0,65,165
2023-04-03,Hell's Kitchen,4,Monday,0,Evening,6,0,45,0,7,0,0,0,29,87
2023-04-03,Hell's Kitchen,4,Monday,0,Morning,9,0,41,0,19,0,0,0,46,115
2023-04-03,Lower Manhattan,4,Monday,0,Afternoon,20,0,57,0,13,0,0,0,51,141
2023-04-03,Lower Manhattan,4,Monday,0,Evening,7,0,19,0,3,0,0,0,15,44
2023-04-03,Lower Manhattan,4,Monday,0,Morning,21,0,84,0,11,0,0,0,65,181
2023-04-04,Astoria,4,Tuesday,0,Afternoon,14,0,79,0,28,0,0,0,93,214
2023-04-04,Astoria,4,Tuesday,0,Evening,11,0,52,0,9,0,0,0,48,120
2023-04-04,Astoria,4,Tuesday,0,Morning,2,0,20,0,4,0,0,0,11,37
2023-04-04,Hell's Kitchen,4,Tuesday,0,Afternoon,8,0,56,0,15,0,0,0,48,127
2023-04-04,Hell's Kitchen,4,Tuesday,0,Evening,11,0,42,0,10,0,0,0,34,97
2023-04-04,Hell's Kitchen,4,Tuesday,0,Morning,8,0,65,0,13,0,0,0,45,131
2023-04-04,Lower Manhattan,4,Tuesday,0,Afternoon,13,0,70,0,18,0,0,0,64,165
2023-04-04,Lower Manhattan,4,Tuesday,0,Evening,8,0,37,0,2,0,0,0,10,57
2023-04-04,Lower Manhattan,4,Tuesday,0,Morning,10,0,55,0,11,0,0,0,62,138
2023-04-05,Astoria,4,Wednesday,0,Afternoon,24,0,95,0,24,0,0,0,76,219
2023-04-05,Astoria,4,Wednesday,0,Evening,16,0,61,0,20,0,0,0,46,143
2023-04-05,Astoria,4,Wednesday,0,Morning,5,0,20,0,3,0,0,0,10,38
2023-04-05,Hell's Kitchen,4,Wednesday,0,Afternoon,10,0,59,0,15,0,0,0,65,149
2023-04-05,Hell's Kitchen,4,Wednesday,0,Evening,12,0,32,0,8,0,0,0,35,87
2023-04-05,Hell's Kitchen,4,Wednesday,0,Morning,11,0,49,0,17,0,0,0,43,120
2023-04-05,Lower Manhattan,4,Wednesday,0,Afternoon,20,0,55,0,9,0,0,0,66,150
2023-04-05,Lower Manhattan,4,Wednesday,0,Evening,3,0,21,0,3,0,0,0,15,42
2023-04-05,Lower Manhattan,4,Wednesday,0,Morning,33,0,81,0,9,0,0,0,65,188
2023-04-06,Astoria,4,Thursday,0,Afternoon,16,0,69,0,21,0,0,0,66,172
2023-04-06,Astoria,4,Thursday,0,Evening,16,0,34,0,10,0,0,0,47,107
2023-04-06,Astoria,4,Thursday,0,Morning,6,0,18,0,1,0,0,0,14,39
2023-04-06,Hell's Kitchen,4,Thursday,0,Afternoon,11,0,88,0,17,0,0,0,61,177
2023-04-06,Hell's Kitchen,4,Thursday,0,Evening,7,0,40,0,6,0,0,0,46,99
2023-04-06,Hell's Kitchen,4,Thursday,0,Morning,10,0,54,0,7,0,0,0,42,113
2023-04-06,Lower Manhattan,4,Thursday,0,Afternoon,10,0,60,0,22,0,0,0,51,143
2023-04-06,Lower Manhattan,4,Thursday,0,Evening,6,0,30,0,5,0,0,0,19,60
2023-04-06,Lower Manhattan,4,Thursday,0,Morning,18,0,62,0,9,0,0,0,54,143
2023-04-07,Astoria,4,Friday,0,Afternoon,17,0,66,0,5,0,0,0,43,131
2023-04-07,Astoria,4,Friday,0,Evening,6,0,26,0,10,0,0,0,38,80
2023-04-07,Astoria,4,Friday,0,Morning,20,0,72,0,10,0,0,0,50,152
2023-04-07,Hell's Kitchen,4,Friday,0,Afternoon,13,0,51,0,13,6,1,0,24,108
2023-04-07,Hell's Kitchen,4,Friday,0,Evening,9,0,39,0,6,8,0,0,32,94
2023-04-07,Hell's Kitchen,4,Friday,0,Morning,33,0,127,4,19,21,1,0,83,288
2023-04-07,Lower Manhattan,4,Friday,0,Afternoon,2,0,5,0,0,2,0,0,14,23
2023-04-07,Lower Manhattan,4,Friday,0,Morning,34,0,88,10,9,22,3,0,91,257
2023-04-08,Astoria,4,Saturday,1,Afternoon,39,1,68,2,21,0,2,1,59,193
2023-04-08,Astoria,4,Saturday,1,Evening,23,1,37,6,4,0,1,0,37,109
2023-04-08,Astoria,4,Saturday,1,Morning,24,1,48,0,13,0,3,1,52,142
2023-04-08,Hell's Kitchen,4,Saturday,1,Afternoon,10,0,49,0,4,9,1,1,35,109
2023-04-08,Hell's Kitchen,4,Saturday,1,Evening,1,0,16,0,3,1,1,0,22,44
2023-04-08,Hell's Kitchen,4,Saturday,1,Morning,39,0,134,4,14,25,3,1,70,290
2023-04-08,Lower Manhattan,4,Saturday,1,Afternoon,5,1,35,0,8,10,0,0,32,91
2023-04-08,Lower Manhattan,4,Saturday,1,Evening,4,0,23,1,5,4,0,1,16,54
2023-04-08,Lower Manhattan,4,Saturday,1,Morning,29,1,104,11,21,31,2,0,96,295
2023-04-09,Astoria,4,Sunday,1,Afternoon,8,0,20,4,6,0,1,0,34,73
2023-04-09,Astoria,4,Sunday,1,Evening,4,0,23,0,2,0,3,1,10,43
2023-04-09,Astoria,4,Sunday,1,Morning,26,0,86,3,19,4,2,1,63,204
2023-04-09,Hell's Kitchen,4,Sunday,1,Afternoon,15,0,37,1,9,1,1,0,35,99
2023-04-09,Hell's Kitchen,4,Sunday,1,Evening,5,0,32,1,5,6,0,0,10,59
2023-04-09,Hell's Kitchen,4,Sunday,1,Morning,25,0,126,2,24,36,2,3,84,302
2023-04-09,Lower Manhattan,4,Sunday,1,Afternoon,4,1,25,1,5,3,0,0,27,66
2023-04-09,Lower Manhattan,4,Sunday,1,Evening,6,1,24,0,0,0,2,0,10,43
2023-04-09,Lower Manhattan,4,Sunday,1,Morning,18,10,120,4,26,3,7,1,79,268
2023-04-10,Astoria,4,Monday,0,Afternoon,6,1,31,1,6,10,0,1,19,75
2023-04-10,Astoria,4,Monday,0,Evening,4,0,16,2,8,2,1,0,15,48
2023-04-10,Astoria,4,Monday,0,Morning,30,2,116,2,17,28,1,1,96,293
2023-04-10,Hell's Kitchen,4,Monday,0,Afternoon,10,0,36,1,5,10,4,0,27,93
2023-04-10,Hell's Kitchen,4,Monday,0,Evening,5,0,24,0,0,3,0,1,22,55
2023-04-10,Hell's Kitchen,4,Monday,0,Morning,39,1,109,4,20,18,4,1,81,277
2023-04-10,Lower Manhattan,4,Monday,0,Afternoon,10,0,47,1,6,9,1,0,34,108
2023-04-10,Lower Manhattan,4,Monday,0,Evening,4,0,9,0,2,1,0,0,19,35
2023-04-10,Lower Manhattan,4,Monday,0,Morning,39,3,92,4,24,21,0,1,118,302
2023-04-11,Astoria,4,Tuesday,0,Afternoon,12,0,33,0,9,8,1,0,32,95
2023-04-11,Astoria,4,Tuesday,0,Evening,4,1,19,0,9,4,0,1,21,59
2023-04-11,Astoria,4,Tuesday,0,Morning,22,3,100,1,20,19,2,0,90,257
2023-04-11,Hell's Kitchen,4,Tuesday,0,Afternoon,8,1,42,0,7,4,0,0,32,94
2023-04-11,Hell's Kitchen,4,Tuesday,0,Evening,4,0,18,1,4,6,0,1,19,53
2023-04-11,Hell's Kitchen,4,Tuesday,0,Morning,36,3,119,3,19,25,1,2,65,273
2023-04-11,Lower Manhattan,4,Tuesday,0,Afternoon,10,0,37,0,8,14,1,1,33,104
2023-04-11,Lower Manhattan,4,Tuesday,0,Evening,3,0,18,0,0,5,0,0,4,30
2023-04-11,Lower Manhattan,4,Tuesday,0,Morning,35,0,90,2,16,27,1,0,101,272
2023-04-12,Astoria,4,Wednesday,0,Afternoon,14,0,29,1,9,5,1,0,9,68
2023-04-12,Astoria,4,Wednesday,0,Evening,4,0,16,0,6,6,2,0,10,44
2023-04-12,Astoria,4,Wednesday,0,Morning,26,0,76,3,11,8,4,1,46,175
2023-04-12,Hell's Kitchen,4,Wednesday,0,Afternoon,13,1,48,2,6,14,3,0,33,120
2023-04-12,Hell's Kitchen,4,Wednesday,0,Evening,8,1,27,1,5,9,1,1,23,76
2023-04-12,Hell's Kitchen,4,Wednesday,0,Morning,22,1,112,3,27,29,2,0,84,280
2023-04-12,Lower Manhattan,4,Wednesday,0,Afternoon,17,0,48,3,13,12,1,0,42,136
2023-04-12,Lower Manhattan,4,Wednesday,0,Evening,5,0,22,0,2,7,1,0,13,50
2023-04-12,Lower Manhattan,4,Wednesday,0,Morning,41,0,98,2,19,40,1,3,86,290
2023-04-13,Astoria,4,Thursday,0,Afternoon,7,0,28,0,11,3,0,0,23,72
2023-04-13,Astoria,4,Thursday,0,Evening,3,0,22,0,4,6,0,0,10,45
2023-04-13,Astoria,4,Thursday,0,Morning,31,0,94,0,16,15,0,0,80,236
2023-04-13,Hell's Kitchen,4,Thursday,0,Afternoon,8,0,55,2,7,9,2,2,30,115
2023-04-13,Hell's Kitchen,4,Thursday,0,Evening,9,0,30,2,9,7,0,0,28,85
2023-04-13,Hell's Kitchen,4,Thursday,0,Morning,39,0,139,3,34,29,3,1,99,347
2023-04-13,Lower Manhattan,4,Thursday,0,Afternoon,8,0,31,2,12,2,1,1,30,87
2023-04-13,Lower Manhattan,4,Thursday,0,Evening,1,0,22,0,1,2,0,0,12,38
2023-04-13,Lower Manhattan,4,Thursday,0,Morning,36,2,93,1,15,28,1,1,92,269
2023-04-14,Astoria,4,Friday,0,Afternoon,5,0,22,2,11,7,1,0,14,62
2023-04-14,Astoria,4,Friday,0,Evening,6,2,30,1,2,6,0,0,23,70
2023-04-14,Astoria,4,Friday,0,Morning,12,5,65,3,15,16,1,1,72,190
2023-04-14,Hell's Kitchen,4,Friday,0,Afternoon,7,0,26,2,3,2,2,0,20,62
2023-04-14,Hell's Kitchen,4,Friday,0,Evening,12,0,27,3,4,2,4,1,30,83
2023-04-14,Hell's Kitchen,4,Friday,0,Morning,53,0,129,10,20,37,6,2,81,338
2023-04-14,Lower Manhattan,4,Friday,0,Afternoon,14,4,39,1,7,6,1,0,4,76
2023-04-14,Lower Manhattan,4,Friday,0,Evening,2,1,7,0,1,2,1,0,2,16
2023-04-14,Lower Manhattan,4,Friday,0,Morning,36,5,81,1,13,26,0,3,52,217
2023-04-15,Astoria,4,Saturday,1,Afternoon,5,2,41,0,7,4,0,0,35,94
2023-04-15,Astoria,4,Saturday,1,Evening,6,0,24,1,9,1,0,0,18,59
2023-04-15,Astoria,4,Saturday,1,Morning,28,4,128,6,25,25,2,3,96,317
2023-04-15,Hell's Kitchen,4,Saturday,1,Afternoon,5,1,18,0,18,0,0,1,27,70
2023-04-15,Hell's Kitchen,4,Saturday,1,Evening,4,0,24,0,6,2,0,0,14,50
2023-04-15,Hell's Kitchen,4,Saturday,1,Morning,41,1,91,2,20,14,1,2,80,252
2023-04-15,Lower Manhattan,4,Saturday,1,Afternoon,6,1,38,0,6,14,1,1,27,94
2023-04-15,Lower Manhattan,4,Saturday,1,Evening,5,0,10,0,2,0,0,0,2,19
2023-04-15,Lower Manhattan,4,Saturday,1,Morning,27,2,119,1,34,31,2,1,73,290
2023-04-16,Astoria,4,Sunday,1,Afternoon,8,1,37,0,4,6,1,1,27,85
2023-04-16,Astoria,4,Sunday,1,Evening,2,0,32,1,9,0,1,0,12,57
2023-04-16,Astoria,4,Sunday,1,Morning,32,1,127,2,24,25,4,1,93,309
2023-04-16,Hell's Kitchen,4,Sunday,1,Afternoon,4,0,33,0,7,2,0,0,24,70
2023-04-16,Hell's Kitchen,4,Sunday,1,Evening,1,0,15,0,6,3,0,0,23,48
2023-04-16,Hell's Kitchen,4,Sunday,1,Morning,52,3,134,5,23,20,4,2,100,343
2023-04-16,Lower Manhattan,4,Sunday,1,Afternoon,12,3,49,1,6,14,0,1,34,120
2023-04-16,Lower Manhattan,4,Sunday,1,Evening,3,0,8,0,0,2,0,0,8,21
2023-04-16,Lower Manhattan,4,Sunday,1,Morning,34,2,108,5,24,17,2,1,92,285
2023-04-17,Astoria,4,Monday,0,Afternoon,7,1,39,0,1,3,0,0,28,79
2023-04-17,Astoria,4,Monday,0,Evening,5,2,30,1,5,1,0,0,14,58
2023-04-17,Astoria,4,Monday,0,Morning,30,6,126,3,20,24,2,0,109,320
2023-04-17,Hell's Kitchen,4,Monday,0,Afternoon,1,0,23,2,5,0,0,0,14,45
2023-04-17,Hell's Kitchen,4,Monday,0,Evening,1,0,7,0,2,0,0,0,8,18
2023-04-17,Hell's Kitchen,4,Monday,0,Morning,37,1,81,18,7,12,1,1,70,228
2023-04-17,Lower Manhattan,4,Monday,0,Afternoon,9,2,33,1,10,10,0,0,15,80
2023-04-17,Lower Manhattan,4,Monday,0,Evening,5,0,9,0,3,1,0,0,10,28
2023-04-17,Lower Manhattan,4,Monday,0,Morning,33,1,105,1,13,34,1,1,72,261
2023-04-18,Astoria,4,Tuesday,0,Afternoon,6,1,39,1,7,2,0,1,37,94
2023-04-18,Astoria,4,Tuesday,0,Evening,6,2,20,2,0,2,1,0,17,50
2023-04-18,Astoria,4,Tuesday,0,Morning,34,2,114,4,27,26,6,3,93,309
2023-04-18,Hell's Kitchen,4,Tuesday,0,Afternoon,1,1,36,0,14,5,0,0,19,76
2023-04-18,Hell's Kitchen,4,Tuesday,0,Evening,3,0,26,1,5,5,1,0,16,57
2023-04-18,Hell's Kitchen,4,Tuesday,0,Morning,42,2,133,5,30,19,3,3,100,337
2023-04-18,Lower Manhattan,4,Tuesday,0,Afternoon,14,1,35,1,2,12,2,1,42,110
2023-04-18,Lower Manhattan,4,Tuesday,0,Evening,1,0,6,1,2,0,0,1,7,18
2023-04-18,Lower Manhattan,4,Tuesday,0,Morning,24,2,89,4,9,25,2,1,68,224
2023-04-19,Astoria,4,Wednesday,0,Afternoon,8,2,36,1,6,2,0,0,34,89
2023-04-19,Astoria,4,Wednesday,0,Evening,7,0,25,2,8,0,0,0,15,57
2023-04-19,Astoria,4,Wednesday,0,Morning,33,4,142,9,17,25,3,2,107,342
2023-04-19,Hell's Kitchen,4,Wednesday,0,Afternoon,6,0,39,2,9,9,1,0,24,90
2023-04-19,Hell's Kitchen,4,Wednesday,0,Evening,0,0,18,2,3,1,0,0,13,37
2023-04-19,Hell's Kitchen,4,Wednesday,0,Morning,49,1,113,6,19,13,2,2,86,291
2023-04-19,Lower Manhattan,4,Wednesday,0,Afternoon,9,1,35,1,11,9,0,0,27,93
2023-04-19,Lower Manhattan,4,Wednesday,0,Evening,0,0,12,0,2,4,0,0,4,22
2023-04-19,Lower Manhattan,4,Wednesday,0,Morning,27,1,102,1,10,27,0,0,81,249
2023-04-20,Astoria,4,Thursday,0,Afternoon,18,0,23,3,5,3,3,0,19,74
2023-04-20,Astoria,4,Thursday,0,Evening,15,0,10,1,2,3,2,1,16,50
2023-04-20,Astoria,4,Thursday,0,Morning,37,0,59,5,20,11,3,0,35,170
2023-04-20,Hell's Kitchen,4,Thursday,0,Afternoon,9,0,35,1,8,6,0,1,32,92
2023-04-20,Hell's Kitchen,4,Thursday,0,Evening,0,1,21,1,4,5,0,0,17,49
2023-04-20,Hell's Kitchen,4,Thursday,0,Morning,23,3,107,0,20,30,2,1,95,281
2023-04-20,Lower Manhattan,4,Thursday,0,Afternoon,19,0,47,0,3,10,1,0,39,119
2023-04-20,Lower Manhattan,4,Thursday,0,Evening,1,1,8,0,0,4,0,0,7,21
2023-04-20,Lower Manhattan,4,Thursday,0,Morning,49,1,114,4,23,23,1,2,104,321
2023-04-21,Astoria,4,Friday,0,Afternoon,3,1,14,2,7,2,1,1,15,46
2023-04-21,Astoria,4,Friday,0,Evening,2,1,22,0,4,11,1,0,15,56
2023-04-21,Astoria,4,Friday,0,Morning,16,4,70,3,14,21,1,2,72,203
2023-04-21,Hell's Kitchen,4,Friday,0,Afternoon,15,1,48,1,2,7,0,0,25,99
2023-04-21,Hell's Kitchen,4,Friday,0,Evening,6,0,34,0,7,7,0,0,21,75
2023-04-21,Hell's Kitchen,4,Friday,0,Morning,33,1,100,5,21,20,2,0,110,292
2023-04-21,Lower Manhattan,4,Friday,0,Afternoon,18,1,44,2,2,7,0,1,26,101
2023-04-21,Lower Manhattan,4,Friday,0,Evening,3,0,10,0,3,2,0,0,12,30
2023-04-21,Lower Manhattan,4,Friday,0,Morning,42,0,124,2,26,17,2,0,91,304
2023-04-22,Astoria,4,Saturday,1,Afternoon,15,0,78,0,18,0,0,0,66,177
2023-04-22,Astoria,4,Saturday,1,Evening,6,0,32,0,6,0,0,0,32,76
2023-04-22,Astoria,4,Saturday,1,Morning,14,0,85,0,16,0,0,0,46,161
2023-04-22,Hell's Kitchen,4,Saturday,1,Afternoon,5,0,32,0,6,6,2,0,32,83
2023-04-22,Hell's Kitchen,4,Saturday,1,Evening,4,0,23,0,4,3,0,1,16,51
2023-04-22,Hell's Kitchen,4,Saturday,1,Morning,28,0,75,4,17,1,1,0,55,181
2023-04-22,Lower Manhattan,4,Saturday,1,Afternoon,8,0,55,0,4,6,1,1,36,111
2023-04-22,Lower Manhattan,4,Saturday,1,Evening,2,0,23,0,1,8,0,0,7,41
2023-04-22,Lower Manhattan,4,Saturday,1,Morning,33,2,143,7,31,23,2,1,115,357
2023-04-23,Astoria,4,Sunday,1,Afternoon,15,0,64,0,16,0,0,0,64,159
2023-04-23,Astoria,4,Sunday,1,Evening,12,0,40,0,15,0,0,0,24,91
2023-04-23,Astoria,4,Sunday,1,Morning,19,0,87,0,19,0,0,0,53,178
2023-04-23,Hell's Kitchen,4,Sunday,1,Afternoon,3,0,27,2,4,2,0,0,40,78
2023-04-23,Hell's Kitchen,4,Sunday,1,Evening,6,0,26,0,6,0,0,0,17,55
2023-04-23,Hell's Kitchen,4,Sunday,1,Morning,33,0,108,6,16,2,2,2,94,263
2023-04-23,Lower Manhattan,4,Sunday,1,Afternoon,5,1,52,1,9,7,2,0,32,109
2023-04-23,Lower Manhattan,4,Sunday,1,Evening,6,0,22,0,2,3,0,0,11,44
2023-04-23,Lower Manhattan,4,Sunday,1,Morning,28,1,162,1,29,29,4,3,72,329
2023-04-24,Astoria,4,Monday,0,Afternoon,18,0,78,0,21,0,0,0,53,170
2023-04-24,Astoria,4,Monday,0,Evening,9,0,41,0,10,0,0,0,43,103
2023-04-24,Astoria,4,Monday,0,Morning,28,0,112,0,16,0,0,0,61,217
2023-04-24,Hell's Kitchen,4,Monday,0,Afternoon,6,0,35,1,5,2,0,0,39,88
2023-04-24,Hell's Kitchen,4,Monday,0,Evening,2,0,20,0,8,0,1,0,19,50
2023-04-24,Hell's Kitchen,4,Monday,0,Morning,35,0,87,5,20,2,2,0,59,210
2023-04-24,Lower Manhattan,4,Monday,0,Afternoon,14,0,60,0,7,13,2,0,46,142
2023-04-24,Lower Manhattan,4,Monday,0,Evening,2,0,19,0,2,9,0,0,17,49
2023-04-24,Lower Manhattan,4,Monday,0,Morning,39,2,126,1,32,24,2,1,86,313
2023-04-25,Astoria,4,Tuesday,0,Afternoon,18,0,72,0,13,0,0,0,43,146
2023-04-25,Astoria,4,Tuesday,0,Evening,7,0,49,0,13,0,0,0,45,114
2023-04-25,Astoria,4,Tuesday,0,Morning,10,0,88,0,15,0,0,0,57,170
2023-04-25,Hell's Kitchen,4,Tuesday,0,Afternoon,5,0,41,3,8,0,1,0,42,100
2023-04-25,Hell's Kitchen,4,Tuesday,0,Evening,7,0,19,0,5,0,1,0,11,43
2023-04-25,Hell's Kitchen,4,Tuesday,0,Morning,37,0,100,2,19,9,4,1,61,233
2023-04-25,Lower Manhattan,4,Tuesday,0,Afternoon,10,1,51,1,12,12,0,1,45,133
2023-04-25,Lower Manhattan,4,Tuesday,0,Evening,5,0,5,0,6,1,0,0,18,35
2023-04-25,Lower Manhattan,4,Tuesday,0,Morning,31,2,152,4,24,25,2,1,120,361
2023-04-26,Astoria,4,Wednesday,0,Afternoon,16,0,84,0,14,0,0,0,66,180
2023-04-26,Astoria,4,Wednesday,0,Evening,9,0,52,0,9,0,0,0,34,104
2023-04-26,Astoria,4,Wednesday,0,Morning,14,0,92,0,22,0,0,0,49,177
2023-04-26,Hell's Kitchen,4,Wednesday,0,Afternoon,11,0,46,2,6,3,0,0,25,93
2023-04-26,Hell's Kitchen,4,Wednesday,0,Evening,6,0,33,0,1,8,0,0,25,73
2023-04-26,Hell's Kitchen,4,Wednesday,0,Morning,39,0,107,6,14,7,4,0,74,251
2023-04-26,Lower Manhattan,4,Wednesday,0,Afternoon,18,1,53,4,2,6,0,0,44,128
2023-04-26,Lower Manhattan,4,Wednesday,0,Evening,2,0,15,0,7,4,0,0,13,41
2023-04-26,Lower Manhattan,4,Wednesday,0,Morning,28,3,145,3,40,32,2,1,95,349
2023-04-27,Astoria,4,Thursday,0,Afternoon,17,0,61,0,19,0,0,0,68,165
2023-04-27,Astoria,4,Thursday,0,Evening,12,0,44,0,12,0,0,0,48,116
2023-04-27,Astoria,4,Thursday,0,Morning,16,0,66,0,24,0,0,0,74,180
2023-04-27,Hell's Kitchen,4,Thursday,0,Afternoon,3,0,53,0,10,14,0,0,27,107
2023-04-27,Hell's Kitchen,4,Thursday,0,Evening,7,0,33,0,5,9,0,0,28,82
2023-04-27,Hell's Kitchen,4,Thursday,0,Morning,18,0,113,1,22,27,0,0,92,273
2023-04-27,Lower Manhattan,4,Thursday,0,Afternoon,9,2,64,0,9,8,1,2,58,153
2023-04-27,Lower Manhattan,4,Thursday,0,Evening,5,0,18,0,1,3,1,0,17,45
2023-04-27,Lower Manhattan,4,Thursday,0,Morning,37,2,156,1,19,27,0,0,114,356
2023-04-28,Astoria,4,Friday,0,Afternoon,14,0,70,0,7,0,0,0,48,139
2023-04-28,Astoria,4,Friday,0,Evening,9,0,51,0,11,0,0,0,31,102
2023-04-28,Astoria,4,Friday,0,Morning,9,0,69,0,8,0,0,0,59,145
2023-04-28,Hell's Kitchen,4,Friday,0,Afternoon,15,0,84,0,22,0,0,0,32,153
2023-04-28,Hell's Kitchen,4,Friday,0,Evening,7,0,37,0,6,0,0,0,33,83
2023-04-28,Hell's Kitchen,4,Friday,0,Morning,9,0,49,0,15,0,0,0,35,108
2023-04-28,Lower Manhattan,4,Friday,0,Afternoon,21,0,93,0,8,0,0,0,46,168
2023-04-28,Lower Manhattan,4,Friday,0,Evening,9,0,21,0,2,0,0,0,17,49
2023-04-28,Lower Manhattan,4,Friday,0,Morning,17,0,66,0,11,0,0,0,58,152
2023-04-29,Astoria,4,Saturday,1,Afternoon,12,0,61,0,19,0,0,0,50,142
2023-04-29,Astoria,4,Saturday,1,Evening,9,0,34,0,17,0,0,0,39,99
2023-04-29,Astoria,4,Saturday,1,Morning,10,0,52,0,15,0,0,0,37,114
2023-04-29,Hell's Kitchen,4,Saturday,1,Afternoon,19,0,80,0,9,0,0,0,37,145
2023-04-29,Hell's Kitchen,4,Saturday,1,Evening,7,0,26,0,5,0,0,0,23,61
2023-04-29,Hell's Kitchen,4,Saturday,1,Morning,7,0,49,0,2,0,0,0,26,84
2023-04-29,Lower Manhattan,4,Saturday,1,Afternoon,23,0,59,0,8,0,0,0,55,145
2023-04-29,Lower Manhattan,4,Saturday,1,Evening,10,0,22,0,8,0,0,0,9,49
2023-04-29,Lower Manhattan,4,Saturday,1,Morning,24,0,60,0,4,0,0,0,27,115
2023-04-30,Astoria,4,Sunday,1,Afternoon,22,0,53,1,12,6,1,0,57,152
2023-04-30,Astoria,4,Sunday,1,Evening,4,0,25,2,3,1,0,0,17,52
2023-04-30,Astoria,4,Sunday,1,Morning,16,1,67,1,22,9,2,0,64,182
2023-04-30,Hell's Kitchen,4,Sunday,1,Afternoon,8,0,20,0,3,1,1,0,27,60
2023-04-30,Hell's Kitchen,4,Sunday,1,Evening,5,0,14,0,3,2,0,1,22,47
2023-04-30,Hell's Kitchen,4,Sunday,1,Morning,41,0,96,2,16,10,1,2,71,239
2023-04-30,Lower Manhattan,4,Sunday,1,Afternoon,17,0,46,0,3,2,0,0,28,96
2023-04-30,Lower Manhattan,4,Sunday,1,Evening,2,0,9,0,1,2,0,0,4,18
2023-04-30,Lower Manhattan,4,Sunday,1,Morning,23,1,110,2,20,24,1,0,89,270
2023-05-01,Astoria,5,Monday,0,Afternoon,31,0,139,0,26,0,0,0,108,304
2023-05-01,Astoria,5,Monday,0,Evening,16,0,67,0,19,0,0,0,53,155
2023-05-01,Astoria,5,Monday,0,Morning,4,0,27,0,9,0,0,0,34,74
2023-05-01,Hell's Kitchen,5,Monday,0,Afternoon,20,0,94,0,19,0,0,0,74,207
2023-05-01,Hell's Kitchen,5,Monday,0,Evening,16,0,59,0,14,0,0,0,57,146
2023-05-01,Hell's Kitchen,5,Monday,0,Morning,11,0,73,0,14,0,0,0,61,159
2023-05-01,Lower Manhattan,5,Monday,0,Afternoon,25,0,99,0,15,0,0,0,52,191
2023-05-01,Lower Manhattan,5,Monday,0,Evening,6,0,32,0,0,0,0,0,18,56
2023-05-01,Lower Manhattan,5,Monday,0,Morning,25,0,88,0,28,0,0,0,82,223
2023-05-02,Astoria,5,Tuesday,0,Afternoon,37,0,126,0,28,0,0,0,119,310
2023-05-02,Astoria,5,Tuesday,0,Evening,24,0,78,0,17,0,0,0,79,198
2023-05-02,Astoria,5,Tuesday,0,Morning,8,0,29,0,4,0,0,0,15,56
2023-05-02,Hell's Kitchen,5,Tuesday,0,Afternoon,16,0,97,0,12,0,0,0,85,210
2023-05-02,Hell's Kitchen,5,Tuesday,0,Evening,11,0,61,0,12,0,0,0,60,144
2023-05-02,Hell's Kitchen,5,Tuesday,0,Morning,9,0,76,0,19,0,0,0,59,163
2023-05-02,Lower Manhattan,5,Tuesday,0,Afternoon,25,0,92,0,14,0,0,0,76,207
2023-05-02,Lower Manhattan,5,Tuesday,0,Evening,5,0,23,0,5,0,0,0,8,41
2023-05-02,Lower Manhattan,5,Tuesday,0,Morning,15,0,62,0,22,0,0,0,67,166
2023-05-03,Astoria,5,Wednesday,0,Afternoon,36,0,139,0,28,0,0,0,99,302
2023-05-03,Astoria,5,Wednesday,0,Evening,12,0,86,0,23,0,0,0,62,183
2023-05-03,Astoria,5,Wednesday,0,Morning,8,0,45,0,9,0,0,0,20,82
2023-05-03,Hell's Kitchen,5,Wednesday,0,Afternoon,16,0,84,0,20,0,0,0,83,203
2023-05-03,Hell's Kitchen,5,Wednesday,0,Evening,9,0,65,0,11,0,0,0,57,142
2023-05-03,Hell's Kitchen,5,Wednesday,0,Morning,13,0,68,0,13,0,0,0,64,158
2023-05-03,Lower Manhattan,5,Wednesday,0,Afternoon,25,0,80,0,8,0,0,0,66,179
2023-05-03,Lower Manhattan,5,Wednesday,0,Evening,6,0,17,0,2,0,0,0,19,44
2023-05-03,Lower Manhattan,5,Wednesday,0,Morning,27,0,107,0,22,0,0,0,74,230
2023-05-04,Astoria,5,Thursday,0,Afternoon,36,0,149,0,34,0,0,0,113,332
2023-05-04,Astoria,5,Thursday,0,Evening,24,0,67,0,11,0,0,0,62,164
2023-05-04,Astoria,5,Thursday,0,Morning,3,0,24,0,8,0,0,0,16,51
2023-05-04,Hell's Kitchen,5,Thursday,0,Afternoon,16,0,94,0,20,0,0,0,61,191
2023-05-04,Hell's Kitchen,5,Thursday,0,Evening,14,0,51,0,10,0,0,0,49,124
2023-05-04,Hell's Kitchen,5,Thursday,0,Morning,8,0,76,0,16,0,0,0,52,152
2023-05-04,Lower Manhattan,5,Thursday,0,Afternoon,17,0,85,0,20,0,0,0,97,219
2023-05-04,Lower Manhattan,5,Thursday,0,Evening,13,0,41,0,4,0,0,0,13,71
2023-05-04,Lower Manhattan,5,Thursday,0,Morning,22,0,63,0,16,0,0,0,78,179
2023-05-05,Astoria,5,Friday,0,Afternoon,32,0,136,0,36,0,0,0,120,324
2023-05-05,Astoria,5,Friday,0,Evening,18,0,93,0,18,0,0,0,61,190
2023-05-05,Astoria,5,Friday,0,Morning,4,0,23,0,3,0,0,0,10,40
2023-05-05,Hell's Kitchen,5,Friday,0,Afternoon,13,0,91,0,14,0,0,0,73,191
2023-05-05,Hell's Kitchen,5,Friday,0,Evening,11,0,45,0,11,0,0,0,48,115
2023-05-05,Hell's Kitchen,5,Friday,0,Morning,9,0,67,0,30,0,0,0,51,157
2023-05-05,Lower Manhattan,5,Friday,0,Afternoon,24,0,75,0,15,0,0,0,78,192
2023-05-05,Lower Manhattan,5,Friday,0,Evening,7,0,31,0,9,0,0,0,16,63
2023-05-05,Lower Manhattan,5,Friday,0,Morning,36,0,105,0,10,0,0,0,84,235
2023-05-06,Astoria,5,Saturday,1,Afternoon,32,0,102,0,24,0,0,0,86,244
2023-05-06,Astoria,5,Saturday,1,Evening,16,0,58,0,10,0,0,0,57,141
2023-05-06,Astoria,5,Saturday,1,Morning,6,0,11,0,4,0,0,0,8,29
2023-05-06,Hell's Kitchen,5,Saturday,1,Afternoon,18,0,114,0,10,0,0,0,79,221
2023-05-06,Hell's Kitchen,5,Saturday,1,Evening,9,0,49,0,11,0,0,0,60,129
2023-05-06,Hell's Kitchen,5,Saturday,1,Morning,13,0,67,0,7,0,0,0,41,128
2023-05-06,Lower Manhattan,5,Saturday,1,Afternoon,22,0,83,0,33,0,0,0,64,202
2023-05-06,Lower Manhattan,5,Saturday,1,Evening,8,0,32,0,8,0,0,0,22,70
2023-05-06,Lower Manhattan,5,Saturday,1,Morning,27,0,89,0,18,0,0,0,66,200
2023-05-07,Astoria,5,Sunday,1,Afternoon,23,0,60,0,17,0,0,0,64,164
2023-05-07,Astoria,5,Sunday,1,Evening,7,0,26,0,9,0,0,0,51,93
2023-05-07,Astoria,5,Sunday,1,Morning,24,0,80,0,17,0,0,0,74,195
2023-05-07,Hell's Kitchen,5,Sunday,1,Afternoon,10,0,60,0,11,9,0,1,27,118
2023-05-07,Hell's Kitchen,5,Sunday,1,Evening,15,0,57,0,11,9,0,0,57,149
2023-05-07,Hell's Kitchen,5,Sunday,1,Morning,43,0,151,4,27,32,0,1,110,368
2023-05-07,Lower Manhattan,5,Sunday,1,Afternoon,1,0,6,0,2,2,0,0,11,22
2023-05-07,Lower Manhattan,5,Sunday,1,Morning,40,0,136,6,12,30,2,3,106,335
2023-05-08,Astoria,5,Monday,0,Afternoon,50,1,85,3,27,0,3,1,70,240
2023-05-08,Astoria,5,Monday,0,Evening,23,1,43,4,6,0,1,1,38,117
2023-05-08,Astoria,5,Monday,0,Morning,19,0,74,2,16,3,2,1,72,189
2023-05-08,Hell's Kitchen,5,Monday,0,Afternoon,16,0,58,0,7,15,1,1,42,140
2023-05-08,Hell's Kitchen,5,Monday,0,Evening,4,0,31,2,2,3,1,0,25,68
2023-05-08,Hell's Kitchen,5,Monday,0,Morning,42,0,156,2,22,23,4,0,103,352
2023-05-08,Lower Manhattan,5,Monday,0,Afternoon,9,0,43,0,10,9,1,0,37,109
2023-05-08,Lower Manhattan,5,Monday,0,Evening,6,0,20,0,5,10,0,0,33,74
2023-05-08,Lower Manhattan,5,Monday,0,Morning,41,2,162,10,21,55,3,0,111,405
2023-05-09,Astoria,5,Tuesday,0,Afternoon,11,0,42,5,8,0,3,1,30,100
2023-05-09,Astoria,5,Tuesday,0,Evening,5,0,22,0,5,0,1,0,12,45
2023-05-09,Astoria,5,Tuesday,0,Morning,31,0,101,1,16,9,2,1,81,242
2023-05-09,Hell's Kitchen,5,Tuesday,0,Afternoon,14,0,48,2,9,10,0,1,29,113
2023-05-09,Hell's Kitchen,5,Tuesday,0,Evening,3,0,30,0,8,10,0,0,27,78
2023-05-09,Hell's Kitchen,5,Tuesday,0,Morning,42,0,172,5,34,36,2,3,123,417
2023-05-09,Lower Manhattan,5,Tuesday,0,Afternoon,8,2,37,2,10,3,0,1,38,101
2023-05-09,Lower Manhattan,5,Tuesday,0,Evening,5,3,34,1,8,0,2,0,14,67
2023-05-09,Lower Manhattan,5,Tuesday,0,Morning,35,7,144,1,24,2,4,3,92,312
2023-05-10,Astoria,5,Wednesday,0,Afternoon,9,0,47,1,14,15,0,1,31,118
2023-05-10,Astoria,5,Wednesday,0,Evening,5,0,23,2,4,4,2,0,22,62
2023-05-10,Astoria,5,Wednesday,0,Morning,37,1,140,3,25,33,2,1,128,370
2023-05-10,Hell's Kitchen,5,Wednesday,0,Afternoon,14,0,46,1,6,9,2,0,56,134
2023-05-10,Hell's Kitchen,5,Wednesday,0,Evening,7,0,27,1,0,4,0,0,31,70
2023-05-10,Hell's Kitchen,5,Wednesday,0,Morning,50,2,148,6,22,23,7,2,122,382
2023-05-10,Lower Manhattan,5,Wednesday,0,Afternoon,11,0,61,1,8,10,1,0,41,133
2023-05-10,Lower Manhattan,5,Wednesday,0,Evening,4,0,12,0,0,2,0,0,21,39
2023-05-10,Lower Manhattan,5,Wednesday,0,Morning,43,2,112,2,38,27,1,1,109,335
2023-05-11,Astoria,5,Thursday,0,Afternoon,13,1,37,0,7,15,1,0,37,111
2023-05-11,Astoria,5,Thursday,0,Evening,4,1,24,0,0,4,1,1,26,61
2023-05-11,Astoria,5,Thursday,0,Morning,29,2,104,1,17,15,2,0,101,271
2023-05-11,Hell's Kitchen,5,Thursday,0,Afternoon,10,1,57,1,6,8,0,1,45,129
2023-05-11,Hell's Kitchen,5,Thursday,0,Evening,3,0,29,1,3,4,0,2,25,67
2023-05-11,Hell's Kitchen,5,Thursday,0,Morning,52,4,141,5,30,28,3,2,101,366
2023-05-11,Lower Manhattan,5,Thursday,0,Afternoon,10,0,51,0,13,20,2,0,42,138
2023-05-11,Lower Manhattan,5,Thursday,0,Evening,5,0,16,0,0,3,0,0,5,29
2023-05-11,Lower Manhattan,5,Thursday,0,Morning,36,0,113,4,35,32,2,0,118,340
2023-05-12,Astoria,5,Friday,0,Afternoon,9,0,40,0,6,8,2,0,13,78
2023-05-12,Astoria,5,Friday,0,Evening,4,0,18,0,4,5,2,0,14,47
2023-05-12,Astoria,5,Friday,0,Morning,33,0,97,5,27,18,2,1,54,237
2023-05-12,Hell's Kitchen,5,Friday,0,Afternoon,11,0,51,2,6,14,3,0,45,132
2023-05-12,Hell's Kitchen,5,Friday,0,Evening,11,1,37,0,7,7,1,1,32,97
2023-05-12,Hell's Kitchen,5,Friday,0,Morning,30,1,131,6,34,36,3,0,113,354
2023-05-12,Lower Manhattan,5,Friday,0,Afternoon,22,0,54,3,9,14,0,0,38,140
2023-05-12,Lower Manhattan,5,Friday,0,Evening,5,0,23,0,1,6,0,0,13,48
2023-05-12,Lower Manhattan,5,Friday,0,Morning,47,0,133,1,18,49,1,3,108,360
2023-05-13,Astoria,5,Saturday,1,Afternoon,8,0,46,0,7,4,0,0,40,105
2023-05-13,Astoria,5,Saturday,1,Evening,4,0,21,0,7,6,0,0,21,59
2023-05-13,Astoria,5,Saturday,1,Morning,36,0,101,0,24,18,0,0,96,275
2023-05-13,Hell's Kitchen,5,Saturday,1,Afternoon,13,0,57,3,13,10,1,1,34,132
2023-05-13,Hell's Kitchen,5,Saturday,1,Evening,9,0,33,3,10,7,1,0,36,99
2023-05-13,Hell's Kitchen,5,Saturday,1,Morning,54,0,192,7,30,31,6,3,130,453
2023-05-13,Lower Manhattan,5,Saturday,1,Afternoon,20,1,58,4,14,16,3,1,50,167
2023-05-13,Lower Manhattan,5,Saturday,1,Evening,4,0,16,0,0,1,1,0,22,44
2023-05-13,Lower Manhattan,5,Saturday,1,Morning,50,1,152,1,26,43,2,1,107,383
2023-05-14,Astoria,5,Sunday,1,Afternoon,9,1,26,2,11,9,1,1,21,81
2023-05-14,Astoria,5,Sunday,1,Evening,2,2,20,0,6,8,1,0,26,65
2023-05-14,Astoria,5,Sunday,1,Morning,21,4,87,4,27,26,2,1,99,271
2023-05-14,Hell's Kitchen,5,Sunday,1,Afternoon,12,0,34,3,4,0,2,0,26,81
2023-05-14,Hell's Kitchen,5,Sunday,1,Evening,9,0,24,2,7,4,2,2,26,76
2023-05-14,Hell's Kitchen,5,Sunday,1,Morning,65,0,169,7,11,48,7,2,95,404
2023-05-14,Lower Manhattan,5,Sunday,1,Afternoon,18,4,52,1,6,9,2,0,18,110
2023-05-14,Lower Manhattan,5,Sunday,1,Evening,5,1,9,0,2,3,0,0,5,25
2023-05-14,Lower Manhattan,5,Sunday,1,Morning,56,5,123,2,25,39,2,4,70,326
2023-05-15,Astoria,5,Monday,0,Afternoon,7,1,51,0,12,3,0,0,42,116
2023-05-15,Astoria,5,Monday,0,Evening,11,0,39,5,6,1,0,0,32,94
2023-05-15,Astoria,5,Monday,0,Morning,37,4,174,7,31,34,4,2,127,420
2023-05-15,Hell's Kitchen,5,Monday,0,Afternoon,1,1,23,0,13,1,1,0,43,83
2023-05-15,Hell's Kitchen,5,Monday,0,Evening,6,0,26,0,10,3,1,0,17,63
2023-05-15,Hell's Kitchen,5,Monday,0,Morning,48,1,108,4,32,23,3,1,114,334
2023-05-15,Lower Manhattan,5,Monday,0,Afternoon,15,1,61,0,11,12,3,2,39,144
2023-05-15,Lower Manhattan,5,Monday,0,Evening,1,1,5,0,2,0,0,0,5,14
2023-05-15,Lower Manhattan,5,Monday,0,Morning,32,1,145,2,37,30,4,1,90,342
2023-05-16,Astoria,5,Tuesday,0,Afternoon,15,1,50,1,8,7,1,0,45,128
2023-05-16,Astoria,5,Tuesday,0,Evening,8,0,43,3,15,5,1,0,22,97
2023-05-16,Astoria,5,Tuesday,0,Morning,41,0,164,5,28,31,5,0,124,398
2023-05-16,Hell's Kitchen,5,Tuesday,0,Afternoon,6,0,41,0,13,2,0,0,28,90
2023-05-16,Hell's Kitchen,5,Tuesday,0,Evening,2,0,24,0,6,3,1,0,23,59
2023-05-16,Hell's Kitchen,5,Tuesday,0,Morning,58,1,147,9,23,29,4,1,120,392
2023-05-16,Lower Manhattan,5,Tuesday,0,Afternoon,18,2,61,2,12,15,1,2,39,152
2023-05-16,Lower Manhattan,5,Tuesday,0,Evening,2,0,15,0,2,1,0,0,8,28
2023-05-16,Lower Manhattan,5,Tuesday,0,Morning,33,2,122,5,26,20,2,0,103,313
2023-05-17,Astoria,5,Wednesday,0,Afternoon,10,1,46,1,5,5,0,0,34,102
2023-05-17,Astoria,5,Wednesday,0,Evening,8,3,31,0,11,0,0,0,20,73
2023-05-17,Astoria,5,Wednesday,0,Morning,45,4,143,3,29,32,5,1,129,391
2023-05-17,Hell's Kitchen,5,Wednesday,0,Afternoon,1,0,28,1,9,4,0,0,20,63
2023-05-17,Hell's Kitchen,5,Wednesday,0,Evening,0,0,17,0,3,2,0,0,15,37
2023-05-17,Hell's Kitchen,5,Wednesday,0,Morning,42,0,93,17,13,15,2,0,77,259
2023-05-17,Lower Manhattan,5,Wednesday,0,Afternoon,15,3,43,1,11,13,0,0,29,115
2023-05-17,Lower Manhattan,5,Wednesday,0,Evening,5,0,17,0,4,3,0,0,10,39
2023-05-17,Lower Manhattan,5,Wednesday,0,Morning,40,3,140,4,22,36,2,0,109,356
2023-05-18,Astoria,5,Thursday,0,Afternoon,11,1,41,1,12,3,2,1,46,118
2023-05-18,Astoria,5,Thursday,0,Evening,6,2,28,4,3,3,1,0,21,68
2023-05-18,Astoria,5,Thursday,0,Morning,39,2,149,3,38,39,3,3,104,380
2023-05-18,Hell's Kitchen,5,Thursday,0,Afternoon,5,1,64,0,20,7,0,0,29,126
2023-05-18,Hell's Kitchen,5,Thursday,0,Evening,3,0,25,0,9,2,1,0,15,55
2023-05-18,Hell's Kitchen,5,Thursday,0,Morning,57,2,143,7,43,30,9,1,110,402
2023-05-18,Lower Manhattan,5,Thursday,0,Afternoon,24,0,58,4,15,24,0,1,52,178
2023-05-18,Lower Manhattan,5,Thursday,0,Evening,4,1,15,1,3,2,0,1,8,35
2023-05-18,Lower Manhattan,5,Thursday,0,Morning,33,4,112,3,20,26,3,2,94,297
2023-05-19,Astoria,5,Friday,0,Afternoon,6,1,45,0,14,2,0,0,41,109
2023-05-19,Astoria,5,Friday,0,Evening,11,0,35,3,7,1,0,0,28,85
2023-05-19,Astoria,5,Friday,0,Morning,47,2,175,10,31,43,4,1,137,450
2023-05-19,Hell's Kitchen,5,Friday,0,Afternoon,7,1,55,1,5,5,3,0,33,110
2023-05-19,Hell's Kitchen,5,Friday,0,Evening,0,0,24,2,5,3,0,0,26,60
2023-05-19,Hell's Kitchen,5,Friday,0,Morning,68,1,139,6,29,34,1,2,111,391
2023-05-19,Lower Manhattan,5,Friday,0,Afternoon,8,2,56,1,11,13,0,0,35,126
2023-05-19,Lower Manhattan,5,Friday,0,Evening,2,2,15,0,5,8,1,0,13,46
2023-05-19,Lower Manhattan,5,Friday,0,Morning,30,1,142,1,17,31,0,0,103,325
2023-05-20,Astoria,5,Saturday,1,Afternoon,27,0,31,4,4,2,3,0,30,101
2023-05-20,Astoria,5,Saturday,1,Evening,20,0,20,1,3,3,3,2,21,73
2023-05-20,Astoria,5,Saturday,1,Morning,59,0,77,13,24,18,7,1,50,249
2023-05-20,Hell's Kitchen,5,Saturday,1,Afternoon,12,0,31,1,14,10,0,1,42,111
2023-05-20,Hell's Kitchen,5,Saturday,1,Evening,3,1,44,1,6,11,0,0,26,92
2023-05-20,Hell's Kitchen,5,Saturday,1,Morning,33,4,151,3,23,33,6,1,111,365
2023-05-20,Lower Manhattan,5,Saturday,1,Afternoon,16,1,56,0,2,7,2,0,49,133
2023-05-20,Lower Manhattan,5,Saturday,1,Evening,2,1,16,0,5,5,0,0,10,39
2023-05-20,Lower Manhattan,5,Saturday,1,Morning,62,2,161,3,23,45,0,1,133,430
2023-05-21,Astoria,5,Sunday,1,Afternoon,7,1,26,2,8,6,1,1,24,76
2023-05-21,Astoria,5,Sunday,1,Evening,7,1,29,1,4,8,1,0,26,77
2023-05-21,Astoria,5,Sunday,1,Morning,20,7,93,6,25,25,0,2,87,265
2023-05-21,Hell's Kitchen,5,Sunday,1,Afternoon,15,0,58,4,6,12,1,0,31,127
2023-05-21,Hell's Kitchen,5,Sunday,1,Evening,11,1,48,1,11,11,0,0,32,115
2023-05-21,Hell's Kitchen,5,Sunday,1,Morning,39,3,129,4,32,26,2,2,126,363
2023-05-21,Lower Manhattan,5,Sunday,1,Afternoon,23,1,53,1,4,12,2,1,41,138
2023-05-21,Lower Manhattan,5,Sunday,1,Evening,4,0,20,0,2,6,0,0,10,42
2023-05-21,Lower Manhattan,5,Sunday,1,Morning,38,2,159,3,32,22,1,0,107,364
2023-05-22,Astoria,5,Monday,0,Afternoon,22,0,89,0,19,0,0,0,97,227
2023-05-22,Astoria,5,Monday,0,Evening,6,0,54,0,10,0,0,0,51,121
2023-05-22,Astoria,5,Monday,0,Morning,22,0,105,0,15,0,0,0,92,234
2023-05-22,Hell's Kitchen,5,Monday,0,Afternoon,11,0,57,1,7,4,1,0,38,119
2023-05-22,Hell's Kitchen,5,Monday,0,Evening,7,0,33,1,10,1,1,1,13,67
2023-05-22,Hell's Kitchen,5,Monday,0,Morning,40,0,107,6,20,4,1,0,78,256
2023-05-22,Lower Manhattan,5,Monday,0,Afternoon,14,0,77,1,5,12,1,1,56,167
2023-05-22,Lower Manhattan,5,Monday,0,Evening,5,0,27,0,1,12,1,0,13,59
2023-05-22,Lower Manhattan,5,Monday,0,Morning,48,1,190,8,36,32,1,2,161,479
2023-05-23,Astoria,5,Tuesday,0,Afternoon,18,0,77,0,11,0,0,0,86,192
2023-05-23,Astoria,5,Tuesday,0,Evening,9,0,71,0,21,0,0,0,33,134
2023-05-23,Astoria,5,Tuesday,0,Morning,18,0,93,0,26,0,0,0,62,199
2023-05-23,Hell's Kitchen,5,Tuesday,0,Afternoon,6,0,49,3,4,3,0,0,52,117
2023-05-23,Hell's Kitchen,5,Tuesday,0,Evening,10,0,40,0,1,1,0,0,24,76
2023-05-23,Hell's Kitchen,5,Tuesday,0,Morning,55,0,146,7,28,4,3,1,107,351
2023-05-23,Lower Manhattan,5,Tuesday,0,Afternoon,4,0,59,1,8,9,0,0,31,112
2023-05-23,Lower Manhattan,5,Tuesday,0,Evening,6,0,20,0,2,7,0,0,12,47
2023-05-23,Lower Manhattan,5,Tuesday,0,Morning,31,2,171,1,41,37,4,1,125,413
2023-05-24,Astoria,5,Wednesday,0,Afternoon,24,0,120,0,20,0,0,0,77,241
2023-05-24,Astoria,5,Wednesday,0,Evening,12,0,69,0,14,0,0,0,42,137
2023-05-24,Astoria,5,Wednesday,0,Morning,23,0,113,0,20,0,0,0,71,227
2023-05-24,Hell's Kitchen,5,Wednesday,0,Afternoon,10,0,55,2,8,2,0,0,46,123
2023-05-24,Hell's Kitchen,5,Wednesday,0,Evening,5,0,32,1,10,0,0,0,18,66
2023-05-24,Hell's Kitchen,5,Wednesday,0,Morning,41,0,101,8,19,2,1,0,83,255
2023-05-24,Lower Manhattan,5,Wednesday,0,Afternoon,20,0,72,0,18,15,0,0,66,191
2023-05-24,Lower Manhattan,5,Wednesday,0,Evening,1,0,13,0,3,8,0,1,19,45
2023-05-24,Lower Manhattan,5,Wednesday,0,Morning,40,3,144,4,36,27,3,1,139,397
2023-05-25,Astoria,5,Thursday,0,Afternoon,24,0,89,0,20,0,0,0,76,209
2023-05-25,Astoria,5,Thursday,0,Evening,8,0,59,0,17,0,0,0,42,126
2023-05-25,Astoria,5,Thursday,0,Morning,15,0,88,0,25,0,0,0,65,193
2023-05-25,Hell's Kitchen,5,Thursday,0,Afternoon,9,0,54,3,11,0,2,0,35,114
2023-05-25,Hell's Kitchen,5,Thursday,0,Evening,9,0,18,0,8,0,0,0,17,52
2023-05-25,Hell's Kitchen,5,Thursday,0,Morning,45,0,108,5,20,7,4,1,100,290
2023-05-25,Lower Manhattan,5,Thursday,0,Afternoon,11,1,56,1,4,8,0,0,70,151
2023-05-25,Lower Manhattan,5,Thursday,0,Evening,3,0,14,0,5,4,0,0,12,38
2023-05-25,Lower Manhattan,5,Thursday,0,Morning,32,3,178,5,33,20,2,1,166,440
2023-05-26,Astoria,5,Friday,0,Afternoon,17,0,120,0,11,0,0,0,85,233
2023-05-26,Astoria,5,Friday,0,Evening,14,0,59,0,12,0,0,0,46,131
2023-05-26,Astoria,5,Friday,0,Morning,18,0,122,0,18,0,0,0,69,227
2023-05-26,Hell's Kitchen,5,Friday,0,Afternoon,10,0,53,1,6,3,0,0,21,94
2023-05-26,Hell's Kitchen,5,Friday,0,Evening,6,0,37,0,1,7,1,0,26,78
2023-05-26,Hell's Kitchen,5,Friday,0,Morning,50,0,109,5,19,4,5,1,86,279
2023-05-26,Lower Manhattan,5,Friday,0,Afternoon,15,0,63,2,11,8,0,0,50,149
2023-05-26,Lower Manhattan,5,Friday,0,Evening,3,0,12,0,6,4,0,0,20,45
2023-05-26,Lower Manhattan,5,Friday,0,Morning,34,3,167,3,43,32,2,1,140,425
2023-05-27,Astoria,5,Saturday,1,Afternoon,18,0,72,0,19,0,0,0,80,189
2023-05-27,Astoria,5,Saturday,1,Evening,12,0,54,0,10,0,0,0,53,129
2023-05-27,Astoria,5,Saturday,1,Morning,17,0,97,0,23,0,0,0,85,222
2023-05-27,Hell's Kitchen,5,Saturday,1,Afternoon,3,0,50,0,18,15,0,0,28,114
2023-05-27,Hell's Kitchen,5,Saturday,1,Evening,6,0,36,0,11,16,0,0,31,100
2023-05-27,Hell's Kitchen,5,Saturday,1,Morning,29,0,151,1,28,34,0,0,125,368
2023-05-27,Lower Manhattan,5,Saturday,1,Afternoon,16,1,87,4,12,14,1,1,72,208
2023-05-27,Lower Manhattan,5,Saturday,1,Evening,5,0,20,0,5,3,1,0,25,59
2023-05-27,Lower Manhattan,5,Saturday,1,Morning,50,2,172,3,35,26,2,0,136,426
2023-05-28,Astoria,5,Sunday,1,Afternoon,18,0,96,0,19,0,0,0,71,204
2023-05-28,Astoria,5,Sunday,1,Evening,11,0,63,0,7,0,0,0,39,120
2023-05-28,Astoria,5,Sunday,1,Morning,13,0,103,0,14,0,0,0,77,207
2023-05-28,Hell's Kitchen,5,Sunday,1,Afternoon,17,0,101,0,14,0,0,0,52,184
2023-05-28,Hell's Kitchen,5,Sunday,1,Evening,13,0,37,0,10,0,0,0,29,89
2023-05-28,Hell's Kitchen,5,Sunday,1,Morning,16,0,55,0,9,0,0,0,51,131
2023-05-28,Lower Manhattan,5,Sunday,1,Afternoon,21,0,119,0,14,0,0,0,63,217
2023-05-28,Lower Manhattan,5,Sunday,1,Evening,7,0,28,0,2,0,0,0,18,55
2023-05-28,Lower Manhattan,5,Sunday,1,Morning,26,0,87,0,23,0,0,0,59,195
2023-05-29,Astoria,5,Monday,0,Afternoon,19,0,101,0,28,0,0,0,64,212
2023-05-29,Astoria,5,Monday,0,Evening,10,0,41,0,12,0,0,0,51,114
2023-05-29,Astoria,5,Monday,0,Morning,21,0,73,0,29,0,0,0,67,190
2023-05-29,Hell's Kitchen,5,Monday,0,Afternoon,18,0,81,0,9,0,0,0,60,168
2023-05-29,Hell's Kitchen,5,Monday,0,Evening,6,0,25,0,6,0,0,0,26,63
2023-05-29,Hell's Kitchen,5,Monday,0,Morning,15,0,67,0,8,0,0,0,42,132
2023-05-29,Lower Manhattan,5,Monday,0,Afternoon,34,0,75,0,12,0,0,0,68,189
2023-05-29,Lower Manhattan,5,Monday,0,Evening,13,0,22,0,5,0,0,0,18,58
2023-05-29,Lower Manhattan,5,Monday,0,Morning,30,0,65,0,10,0,0,0,39,144
2023-05-30,Astoria,5,Tuesday,0,Afternoon,15,1,73,0,21,6,0,0,59,175
2023-05-30,Astoria,5,Tuesday,0,Evening,15,0,36,0,7,0,0,0,40,98
2023-05-30,Astoria,5,Tuesday,0,Morning,30,1,114,1,15,11,1,1,92,266
2023-05-30,Hell's Kitchen,5,Tuesday,0,Afternoon,11,0,39,1,6,4,0,0,24,85
2023-05-30,Hell's Kitchen,5,Tuesday,0,Evening,5,0,19,0,6,2,0,0,5,37
2023-05-30,Hell's Kitchen,5,Tuesday,0,Morning,35,1,121,6,20,27,2,1,91,304
2023-05-30,Lower Manhattan,5,Tuesday,0,Afternoon,16,1,63,0,6,6,0,0,44,136
2023-05-30,Lower Manhattan,5,Tuesday,0,Evening,1,0,14,0,3,9,0,0,5,32
2023-05-30,Lower Manhattan,5,Tuesday,0,Morning,31,4,123,7,34,22,5,1,105,332
2023-05-31,Astoria,5,Wednesday,0,Afternoon,9,0,52,1,12,2,0,0,47,123
2023-05-31,Astoria,5,Wednesday,0,Evening,4,0,43,1,3,3,1,0,32,87
2023-05-31,Astoria,5,Wednesday,0,Morning,33,3,134,5,21,12,1,2,91,302
2023-05-31,Hell's Kitchen,5,Wednesday,0,Afternoon,6,1,40,1,7,15,1,1,24,96
2023-05-31,Hell's Kitchen,5,Wednesday,0,Evening,3,0,26,0,0,4,0,0,23,56
2023-05-31,Hell's Kitchen,5,Wednesday,0,Morning,41,2,106,3,16,8,5,1,82,264
2023-05-31,Lower Manhattan,5,Wednesday,0,Afternoon,14,0,45,1,5,3,0,1,35,104
2023-05-31,Lower Manhattan,5,Wednesday,0,Evening,2,2,12,0,2,5,2,0,15,40
2023-05-31,Lower Manhattan,5,Wednesday,0,Morning,43,0,136,3,25,25,2,2,120,356
2023-06-01,Astoria,6,Thursday,0,Afternoon,33,0,148,0,24,0,0,0,126,331
2023-06-01,Astoria,6,Thursday,0,Evening,18,0,85,0,22,0,0,0,60,185
2023-06-01,Astoria,6,Thursday,0,Morning,4,0,31,0,8,0,0,0,24,67
2023-06-01,Hell's Kitchen,6,Thursday,0,Afternoon,22,0,113,0,26,0,0,0,77,238
2023-06-01,Hell's Kitchen,6,Thursday,0,Evening,16,0,76,0,13,0,0,0,61,166
2023-06-01,Hell's Kitchen,6,Thursday,0,Morning,13,0,86,0,11,0,0,0,68,178
2023-06-01,Lower Manhattan,6,Thursday,0,Afternoon,21,0,109,0,24,0,0,0,53,207
2023-06-01,Lower Manhattan,6,Thursday,0,Evening,6,0,32,0,0,0,0,0,17,55
2023-06-01,Lower Manhattan,6,Thursday,0,Morning,28,0,105,0,25,0,0,0,91,249
2023-06-02,Astoria,6,Friday,0,Afternoon,29,0,138,0,38,0,0,0,141,346
2023-06-02,Astoria,6,Friday,0,Evening,31,0,93,0,16,0,0,0,80,220
2023-06-02,Astoria,6,Friday,0,Morning,7,0,25,0,4,0,0,0,20,56
2023-06-02,Hell's Kitchen,6,Friday,0,Afternoon,16,0,108,0,20,0,0,0,86,230
2023-06-02,Hell's Kitchen,6,Friday,0,Evening,13,0,72,0,14,0,0,0,58,157
2023-06-02,Hell's Kitchen,6,Friday,0,Morning,10,0,74,0,11,0,0,0,73,168
2023-06-02,Lower Manhattan,6,Friday,0,Afternoon,21,0,104,0,16,0,0,0,74,215
2023-06-02,Lower Manhattan,6,Friday,0,Evening,7,0,22,0,10,0,0,0,13,52
2023-06-02,Lower Manhattan,6,Friday,0,Morning,20,0,77,0,22,0,0,0,79,198
2023-06-03,Astoria,6,Saturday,1,Afternoon,29,0,154,0,30,0,0,0,115,328
2023-06-03,Astoria,6,Saturday,1,Evening,16,0,81,0,33,0,0,0,62,192
2023-06-03,Astoria,6,Saturday,1,Morning,10,0,52,0,9,0,0,0,25,96
2023-06-03,Hell's Kitchen,6,Saturday,1,Afternoon,17,0,74,0,19,0,0,0,97,207
2023-06-03,Hell's Kitchen,6,Saturday,1,Evening,11,0,76,0,19,0,0,0,53,159
2023-06-03,Hell's Kitchen,6,Saturday,1,Morning,9,0,66,0,20,0,0,0,61,156
2023-06-03,Lower Manhattan,6,Saturday,1,Afternoon,32,0,99,0,16,0,0,0,75,222
2023-06-03,Lower Manhattan,6,Saturday,1,Evening,9,0,21,0,5,0,0,0,19,54
2023-06-03,Lower Manhattan,6,Saturday,1,Morning,25,0,108,0,16,0,0,0,91,240
2023-06-04,Astoria,6,Sunday,1,Afternoon,34,0,150,0,32,0,0,0,126,342
2023-06-04,Astoria,6,Sunday,1,Evening,20,0,78,0,11,0,0,0,69,178
2023-06-04,Astoria,6,Sunday,1,Morning,5,0,23,0,7,0,0,0,17,52
2023-06-04,Hell's Kitchen,6,Sunday,1,Afternoon,15,0,117,0,19,0,0,0,64,215
2023-06-04,Hell's Kitchen,6,Sunday,1,Evening,15,0,50,0,12,0,0,0,47,124
2023-06-04,Hell's Kitchen,6,Sunday,1,Morning,10,0,105,0,13,0,0,0,62,190
2023-06-04,Lower Manhattan,6,Sunday,1,Afternoon,20,0,84,0,17,0,0,0,98,219
2023-06-04,Lower Manhattan,6,Sunday,1,Evening,17,0,47,0,5,0,0,0,16,85
2023-06-04,Lower Manhattan,6,Sunday,1,Morning,22,0,81,0,19,0,0,0,92,214
2023-06-05,Astoria,6,Monday,0,Afternoon,41,0,152,0,37,0,0,0,120,350
2023-06-05,Astoria,6,Monday,0,Evening,18,0,101,0,20,0,0,0,60,199
2023-06-05,Astoria,6,Monday,0,Morning,5,0,30,0,2,0,0,0,9,46
2023-06-05,Hell's Kitchen,6,Monday,0,Afternoon,14,0,96,0,19,0,0,0,99,228
2023-06-05,Hell's Kitchen,6,Monday,0,Evening,14,0,45,0,6,0,0,0,39,104
2023-06-05,Hell's Kitchen,6,Monday,0,Morning,13,0,73,0,24,0,0,0,53,163
2023-06-05,Lower Manhattan,6,Monday,0,Afternoon,28,0,77,0,12,0,0,0,87,204
2023-06-05,Lower Manhattan,6,Monday,0,Evening,6,0,37,0,5,0,0,0,14,62
2023-06-05,Lower Manhattan,6,Monday,0,Morning,31,0,98,0,16,0,0,0,76,221
2023-06-06,Astoria,6,Tuesday,0,Afternoon,35,0,115,0,26,0,0,0,79,255
2023-06-06,Astoria,6,Tuesday,0,Evening,20,0,55,0,17,0,0,0,63,155
2023-06-06,Astoria,6,Tuesday,0,Morning,7,0,13,0,4,0,0,0,12,36
2023-06-06,Hell's Kitchen,6,Tuesday,0,Afternoon,17,0,125,0,17,0,0,0,86,245
2023-06-06,Hell's Kitchen,6,Tuesday,0,Evening,8,0,55,0,11,0,0,0,55,129
2023-06-06,Hell's Kitchen,6,Tuesday,0,Morning,12,0,83,0,16,0,0,0,48,159
2023-06-06,Lower Manhattan,6,Tuesday,0,Afternoon,18,0,99,0,26,0,0,0,77,220
2023-06-06,Lower Manhattan,6,Tuesday,0,Evening,5,0,36,0,5,0,0,0,20,66
2023-06-06,Lower Manhattan,6,Tuesday,0,Morning,33,0,104,0,15,0,0,0,77,229
2023-06-07,Astoria,6,Wednesday,0,Afternoon,22,0,78,0,19,0,0,0,65,184
2023-06-07,Astoria,6,Wednesday,0,Evening,9,0,34,0,14,0,0,0,53,110
2023-06-07,Astoria,6,Wednesday,0,Morning,28,0,90,0,12,0,0,0,70,200
2023-06-07,Hell's Kitchen,6,Wednesday,0,Afternoon,12,0,76,0,15,10,1,1,32,147
2023-06-07,Hell's Kitchen,6,Wednesday,0,Evening,16,0,61,0,8,5,0,0,35,125
2023-06-07,Hell's Kitchen,6,Wednesday,0,Morning,46,0,159,5,20,33,2,1,114,380
2023-06-07,Lower Manhattan,6,Wednesday,0,Afternoon,2,0,8,0,0,3,0,0,11,24
2023-06-07,Lower Manhattan,6,Wednesday,0,Morning,40,0,140,7,14,32,5,2,126,366
2023-06-08,Astoria,6,Thursday,0,Afternoon,42,1,91,2,21,0,4,0,72,233
2023-06-08,Astoria,6,Thursday,0,Evening,22,1,49,6,11,0,3,1,38,131
2023-06-08,Astoria,6,Thursday,0,Morning,33,1,77,3,12,3,3,1,77,210
2023-06-08,Hell's Kitchen,6,Thursday,0,Afternoon,16,0,69,0,9,11,1,1,41,148
2023-06-08,Hell's Kitchen,6,Thursday,0,Evening,5,0,35,3,3,6,2,0,28,82
2023-06-08,Hell's Kitchen,6,Thursday,0,Morning,48,0,164,5,30,29,4,2,111,393
2023-06-08,Lower Manhattan,6,Thursday,0,Afternoon,6,0,41,0,9,8,0,0,44,108
2023-06-08,Lower Manhattan,6,Thursday,0,Evening,7,0,32,1,5,13,0,1,34,93
2023-06-08,Lower Manhattan,6,Thursday,0,Morning,43,1,153,11,24,29,5,0,124,390
2023-06-09,Astoria,6,Friday,0,Afternoon,8,0,47,3,7,0,3,1,30,99
2023-06-09,Astoria,6,Friday,0,Evening,6,0,25,0,2,0,1,0,19,53
2023-06-09,Astoria,6,Friday,0,Morning,31,0,123,4,26,7,3,1,86,281
2023-06-09,Hell's Kitchen,6,Friday,0,Afternoon,21,0,67,2,12,14,1,1,32,150
2023-06-09,Hell's Kitchen,6,Friday,0,Evening,9,0,44,1,10,6,0,0,32,102
2023-06-09,Hell's Kitchen,6,Friday,0,Morning,40,0,164,4,42,49,4,2,136,441
2023-06-09,Lower Manhattan,6,Friday,0,Afternoon,8,1,56,1,10,3,0,1,21,101
2023-06-09,Lower Manhattan,6,Friday,0,Evening,7,3,37,1,8,0,3,0,14,73
2023-06-09,Lower Manhattan,6,Friday,0,Morning,36,19,165,3,37,5,5,3,109,382
2023-06-10,Astoria,6,Saturday,1,Afternoon,9,2,47,1,11,14,0,0,23,107
2023-06-10,Astoria,6,Saturday,1,Evening,6,0,22,3,8,3,3,0,19,64
2023-06-10,Astoria,6,Saturday,1,Morning,38,1,132,3,17,37,1,1,137,367
2023-06-10,Hell's Kitchen,6,Saturday,1,Afternoon,12,0,55,0,7,14,4,0,51,143
2023-06-10,Hell's Kitchen,6,Saturday,1,Evening,4,0,33,1,0,4,1,1,30,74
2023-06-10,Hell's Kitchen,6,Saturday,1,Morning,49,2,156,6,28,28,4,2,120,395
2023-06-10,Lower Manhattan,6,Saturday,1,Afternoon,11,0,72,2,8,13,1,0,41,148
2023-06-10,Lower Manhattan,6,Saturday,1,Evening,4,0,11,0,0,1,0,0,16,32
2023-06-10,Lower Manhattan,6,Saturday,1,Morning,49,3,120,5,31,29,2,2,137,378
2023-06-11,Astoria,6,Sunday,1,Afternoon,16,3,37,0,6,12,1,0,45,120
2023-06-11,Astoria,6,Sunday,1,Evening,5,1,27,0,9,9,1,1,28,81
2023-06-11,Astoria,6,Sunday,1,Morning,20,4,133,3,22,28,3,0,110,323
2023-06-11,Hell's Kitchen,6,Sunday,1,Afternoon,9,1,60,1,11,8,1,1,48,140
2023-06-11,Hell's Kitchen,6,Sunday,1,Evening,7,0,25,0,2,4,0,2,30,70
2023-06-11,Hell's Kitchen,6,Sunday,1,Morning,60,3,173,3,32,43,2,3,107,426
2023-06-11,Lower Manhattan,6,Sunday,1,Afternoon,14,0,60,2,13,18,3,1,54,165
2023-06-11,Lower Manhattan,6,Sunday,1,Evening,5,0,16,0,0,4,0,0,6,31
2023-06-11,Lower Manhattan,6,Sunday,1,Morning,34,0,118,2,30,34,3,0,126,347
2023-06-12,Astoria,6,Monday,0,Afternoon,13,0,41,1,10,8,2,0,14,89
2023-06-12,Astoria,6,Monday,0,Evening,6,0,24,0,6,5,2,0,20,63
2023-06-12,Astoria,6,Monday,0,Morning,33,0,101,3,18,14,3,1,69,242
2023-06-12,Hell's Kitchen,6,Monday,0,Afternoon,14,1,51,1,8,12,2,0,50,139
2023-06-12,Hell's Kitchen,6,Monday,0,Evening,13,2,41,3,7,5,1,1,37,110
2023-06-12,Hell's Kitchen,6,Monday,0,Morning,32,0,144,5,29,39,3,0,143,395
2023-06-12,Lower Manhattan,6,Monday,0,Afternoon,23,0,65,4,18,18,1,0,37,166
2023-06-12,Lower Manhattan,6,Monday,0,Evening,7,0,29,0,1,6,0,0,11,54
2023-06-12,Lower Manhattan,6,Monday,0,Morning,56,0,137,2,27,52,3,3,136,416
2023-06-13,Astoria,6,Tuesday,0,Afternoon,7,0,42,0,12,4,0,0,35,100
2023-06-13,Astoria,6,Tuesday,0,Evening,3,0,23,0,9,7,0,0,27,69
2023-06-13,Astoria,6,Tuesday,0,Morning,40,0,123,0,30,18,0,0,100,311
2023-06-13,Hell's Kitchen,6,Tuesday,0,Afternoon,11,0,68,6,19,10,0,2,30,146
2023-06-13,Hell's Kitchen,6,Tuesday,0,Evening,11,0,55,1,9,10,2,0,36,124
2023-06-13,Hell's Kitchen,6,Tuesday,0,Morning,50,0,221,7,22,42,5,2,150,499
2023-06-13,Lower Manhattan,6,Tuesday,0,Afternoon,22,1,65,4,28,17,3,1,44,185
2023-06-13,Lower Manhattan,6,Tuesday,0,Evening,4,0,20,0,1,1,1,0,23,50
2023-06-13,Lower Manhattan,6,Tuesday,0,Morning,59,2,186,1,23,54,2,2,125,454
2023-06-14,Astoria,6,Wednesday,0,Afternoon,7,2,28,3,10,8,1,0,27,86
2023-06-14,Astoria,6,Wednesday,0,Evening,7,1,31,1,2,6,1,0,26,75
2023-06-14,Astoria,6,Wednesday,0,Morning,17,5,97,6,26,22,2,0,89,264
2023-06-14,Hell's Kitchen,6,Wednesday,0,Afternoon,11,0,41,4,5,2,3,1,33,100
2023-06-14,Hell's Kitchen,6,Wednesday,0,Evening,11,0,39,2,7,2,3,2,25,91
2023-06-14,Hell's Kitchen,6,Wednesday,0,Morning,75,0,187,13,18,52,8,2,126,481
2023-06-14,Lower Manhattan,6,Wednesday,0,Afternoon,22,5,49,1,10,7,0,0,21,115
2023-06-14,Lower Manhattan,6,Wednesday,0,Evening,6,1,13,0,1,3,0,0,7,31
2023-06-14,Lower Manhattan,6,Wednesday,0,Morning,57,7,138,1,25,48,2,2,85,365
2023-06-15,Astoria,6,Thursday,0,Afternoon,7,1,38,0,9,5,0,0,46,106
2023-06-15,Astoria,6,Thursday,0,Evening,11,1,38,4,13,1,0,0,26,94
2023-06-15,Astoria,6,Thursday,0,Morning,52,5,196,11,29,42,3,3,120,461
2023-06-15,Hell's Kitchen,6,Thursday,0,Afternoon,9,1,34,0,19,3,1,1,37,105
2023-06-15,Hell's Kitchen,6,Thursday,0,Evening,4,0,36,0,9,9,1,0,20,79
2023-06-15,Hell's Kitchen,6,Thursday,0,Morning,48,2,133,3,32,24,3,2,118,365
2023-06-15,Lower Manhattan,6,Thursday,0,Afternoon,12,0,61,1,10,12,3,1,39,139
2023-06-15,Lower Manhattan,6,Thursday,0,Evening,3,1,15,0,1,0,0,0,7,27
2023-06-15,Lower Manhattan,6,Thursday,0,Morning,34,1,151,1,41,28,5,1,90,352
2023-06-16,Astoria,6,Friday,0,Afternoon,15,3,60,1,7,9,2,1,57,155
2023-06-16,Astoria,6,Friday,0,Evening,5,0,52,3,10,4,1,0,14,89
2023-06-16,Astoria,6,Friday,0,Morning,45,2,175,4,34,33,4,0,138,435
2023-06-16,Hell's Kitchen,6,Friday,0,Afternoon,10,0,47,0,13,3,0,0,34,107
2023-06-16,Hell's Kitchen,6,Friday,0,Evening,2,0,24,0,7,5,1,0,32,71
2023-06-16,Hell's Kitchen,6,Friday,0,Morning,60,3,166,7,24,31,6,0,122,419
2023-06-16,Lower Manhattan,6,Friday,0,Afternoon,18,4,74,1,18,18,1,1,51,186
2023-06-16,Lower Manhattan,6,Friday,0,Evening,1,0,10,0,2,1,0,0,8,22
2023-06-16,Lower Manhattan,6,Friday,0,Morning,36,2,130,4,23,26,3,1,115,340
2023-06-17,Astoria,6,Saturday,1,Afternoon,9,1,50,0,5,4,0,0,35,104
2023-06-17,Astoria,6,Saturday,1,Evening,13,1,37,1,6,1,1,0,35,95
2023-06-17,Astoria,6,Saturday,1,Morning,36,8,155,4,30,33,3,1,149,419
2023-06-17,Hell's Kitchen,6,Saturday,1,Afternoon,3,0,39,4,6,8,0,0,16,76
2023-06-17,Hell's Kitchen,6,Saturday,1,Evening,1,0,17,0,0,3,0,0,12,33
2023-06-17,Hell's Kitchen,6,Saturday,1,Morning,45,0,108,27,14,17,2,1,74,288
2023-06-17,Lower Manhattan,6,Saturday,1,Afternoon,15,2,51,1,3,18,1,0,24,115
2023-06-17,Lower Manhattan,6,Saturday,1,Evening,5,0,14,1,2,1,0,0,16,39
2023-06-17,Lower Manhattan,6,Saturday,1,Morning,44,2,149,4,26,42,3,0,113,383
2023-06-18,Astoria,6,Sunday,1,Afternoon,10,0,45,1,15,3,2,1,54,131
2023-06-18,Astoria,6,Sunday,1,Evening,10,4,26,4,2,4,0,0,26,76
2023-06-18,Astoria,6,Sunday,1,Morning,47,2,149,3,41,28,5,0,123,398
2023-06-18,Hell's Kitchen,6,Sunday,1,Afternoon,4,1,68,0,23,7,0,0,26,129
2023-06-18,Hell's Kitchen,6,Sunday,1,Evening,5,0,34,1,10,4,1,0,19,74
2023-06-18,Hell's Kitchen,6,Sunday,1,Morning,63,2,161,9,41,29,7,4,119,435
2023-06-18,Lower Manhattan,6,Sunday,1,Afternoon,22,1,58,4,14,22,1,1,49,172
2023-06-18,Lower Manhattan,6,Sunday,1,Evening,4,1,14,1,1,2,0,0,8,31
2023-06-18,Lower Manhattan,6,Sunday,1,Morning,30,5,139,4,20,41,3,3,89,334
2023-06-19,Astoria,6,Monday,0,Afternoon,6,1,42,1,9,5,1,0,54,119
2023-06-19,Astoria,6,Monday,0,Evening,10,1,41,5,9,1,0,0,28,95
2023-06-19,Astoria,6,Monday,0,Morning,43,5,183,10,37,39,5,2,150,474
2023-06-19,Hell's Kitchen,6,Monday,0,Afternoon,9,1,53,1,7,10,3,0,37,121
2023-06-19,Hell's Kitchen,6,Monday,0,Evening,2,0,32,1,5,2,0,0,21,63
2023-06-19,Hell's Kitchen,6,Monday,0,Morning,73,1,151,7,39,28,2,2,137,440
2023-06-19,Lower Manhattan,6,Monday,0,Afternoon,14,2,68,1,14,18,0,0,37,154
2023-06-19,Lower Manhattan,6,Monday,0,Evening,2,1,13,0,4,4,1,0,11,36
2023-06-19,Lower Manhattan,6,Monday,0,Morning,38,1,147,2,26,31,0,0,111,356
2023-06-20,Astoria,6,Tuesday,0,Afternoon,26,0,29,5,4,4,3,0,33,104
2023-06-20,Astoria,6,Tuesday,0,Evening,18,0,23,0,0,2,1,2,17,63
2023-06-20,Astoria,6,Tuesday,0,Morning,67,0,85,7,31,17,5,1,60,273
2023-06-20,Hell's Kitchen,6,Tuesday,0,Afternoon,11,0,42,2,14,7,0,1,36,113
2023-06-20,Hell's Kitchen,6,Tuesday,0,Evening,6,1,41,1,10,11,0,0,24,94
2023-06-20,Hell's Kitchen,6,Tuesday,0,Morning,32,2,148,2,25,32,7,0,120,368
2023-06-20,Lower Manhattan,6,Tuesday,0,Afternoon,14,0,59,0,2,11,2,0,57,145
2023-06-20,Lower Manhattan,6,Tuesday,0,Evening,4,2,19,0,7,5,0,0,10,47
2023-06-20,Lower Manhattan,6,Tuesday,0,Morning,68,1,174,4,26,45,1,2,116,437
2023-06-21,Astoria,6,Wednesday,0,Afternoon,5,2,22,4,12,9,0,1,16,71
2023-06-21,Astoria,6,Wednesday,0,Evening,6,1,26,1,8,8,1,0,27,78
2023-06-21,Astoria,6,Wednesday,0,Morning,29,7,103,3,17,26,1,0,103,289
2023-06-21,Hell's Kitchen,6,Wednesday,0,Afternoon,21,1,63,2,6,10,1,1,41,146
2023-06-21,Hell's Kitchen,6,Wednesday,0,Evening,9,1,47,1,7,18,0,0,29,112
2023-06-21,Hell's Kitchen,6,Wednesday,0,Morning,47,2,142,7,38,35,3,3,136,413
2023-06-21,Lower Manhattan,6,Wednesday,0,Afternoon,25,2,61,2,7,11,1,1,35,145
2023-06-21,Lower Manhattan,6,Wednesday,0,Evening,3,0,14,0,2,6,0,0,17,42
2023-06-21,Lower Manhattan,6,Wednesday,0,Morning,44,1,177,4,30,29,4,0,110,399
2023-06-22,Astoria,6,Thursday,0,Afternoon,24,0,99,0,22,0,0,0,113,258
2023-06-22,Astoria,6,Thursday,0,Evening,9,0,47,0,9,0,0,0,53,118
2023-06-22,Astoria,6,Thursday,0,Morning,23,0,103,0,25,0,0,0,86,237
2023-06-22,Hell's Kitchen,6,Thursday,0,Afternoon,12,0,50,1,11,2,1,0,46,123
2023-06-22,Hell's Kitchen,6,Thursday,0,Evening,6,0,34,1,10,1,1,1,22,76
2023-06-22,Hell's Kitchen,6,Thursday,0,Morning,40,0,116,3,27,2,0,0,82,270
2023-06-22,Lower Manhattan,6,Thursday,0,Afternoon,15,1,82,2,7,12,2,0,56,177
2023-06-22,Lower Manhattan,6,Thursday,0,Evening,2,0,22,0,1,10,1,0,14,50
2023-06-22,Lower Manhattan,6,Thursday,0,Morning,46,2,188,5,39,32,3,1,145,461
2023-06-23,Astoria,6,Friday,0,Afternoon,23,0,95,0,16,0,0,0,91,225
2023-06-23,Astoria,6,Friday,0,Evening,12,0,75,0,17,0,0,0,35,139
2023-06-23,Astoria,6,Friday,0,Morning,21,0,96,0,21,0,0,0,92,230
2023-06-23,Hell's Kitchen,6,Friday,0,Afternoon,6,0,61,1,5,1,0,0,49,123
2023-06-23,Hell's Kitchen,6,Friday,0,Evening,8,0,54,0,7,3,0,0,23,95
2023-06-23,Hell's Kitchen,6,Friday,0,Morning,48,0,151,8,25,6,4,2,108,352
2023-06-23,Lower Manhattan,6,Friday,0,Afternoon,6,1,76,1,11,9,2,0,39,145
2023-06-23,Lower Manhattan,6,Friday,0,Evening,6,0,22,0,2,3,0,0,13,46
2023-06-23,Lower Manhattan,6,Friday,0,Morning,30,1,221,2,31,45,6,1,103,440
2023-06-24,Astoria,6,Saturday,1,Afternoon,26,0,133,0,28,0,0,0,82,269
2023-06-24,Astoria,6,Saturday,1,Evening,15,0,68,0,13,0,0,0,49,145
2023-06-24,Astoria,6,Saturday,1,Morning,28,0,127,0,23,0,0,0,86,264
2023-06-24,Hell's Kitchen,6,Saturday,1,Afternoon,10,0,69,1,11,5,1,0,44,141
2023-06-24,Hell's Kitchen,6,Saturday,1,Evening,7,0,32,1,15,0,1,0,18,74
2023-06-24,Hell's Kitchen,6,Saturday,1,Morning,43,0,127,4,25,2,2,0,93,296
2023-06-24,Lower Manhattan,6,Saturday,1,Afternoon,17,1,70,0,11,12,1,0,63,175
2023-06-24,Lower Manhattan,6,Saturday,1,Evening,3,0,16,0,3,7,0,1,20,50
2023-06-24,Lower Manhattan,6,Saturday,1,Morning,45,4,159,3,41,28,3,1,148,432
2023-06-25,Astoria,6,Sunday,1,Afternoon,22,0,99,0,21,0,0,0,77,219
2023-06-25,Astoria,6,Sunday,1,Evening,7,0,53,0,18,0,0,0,49,127
2023-06-25,Astoria,6,Sunday,1,Morning,14,0,110,0,19,0,0,0,79,222
2023-06-25,Hell's Kitchen,6,Sunday,1,Afternoon,10,0,66,2,8,0,2,0,33,121
2023-06-25,Hell's Kitchen,6,Sunday,1,Evening,9,0,32,0,13,2,1,0,21,78
2023-06-25,Hell's Kitchen,6,Sunday,1,Morning,56,0,130,4,24,10,6,1,97,328
2023-06-25,Lower Manhattan,6,Sunday,1,Afternoon,17,1,97,2,10,13,1,1,60,202
2023-06-25,Lower Manhattan,6,Sunday,1,Evening,5,0,15,0,4,3,0,0,16,43
2023-06-25,Lower Manhattan,6,Sunday,1,Morning,44,2,198,6,34,28,3,0,147,462
2023-06-26,Astoria,6,Monday,0,Afternoon,19,0,129,0,14,0,0,0,75,237
2023-06-26,Astoria,6,Monday,0,Evening,12,0,63,0,12,0,0,0,58,145
2023-06-26,Astoria,6,Monday,0,Morning,18,0,127,0,26,0,0,0,82,253
2023-06-26,Hell's Kitchen,6,Monday,0,Afternoon,15,0,59,0,9,5,0,0,32,120
2023-06-26,Hell's Kitchen,6,Monday,0,Evening,5,0,31,0,5,3,1,0,30,75
2023-06-26,Hell's Kitchen,6,Monday,0,Morning,51,0,151,5,16,7,7,1,95,333
2023-06-26,Lower Manhattan,6,Monday,0,Afternoon,17,1,75,3,10,9,0,0,44,159
2023-06-26,Lower Manhattan,6,Monday,0,Evening,4,1,17,0,4,4,0,0,21,51
2023-06-26,Lower Manhattan,6,Monday,0,Morning,41,3,186,2,44,40,3,1,144,464
2023-06-27,Astoria,6,Tuesday,0,Afternoon,21,0,87,0,24,0,0,0,88,220
2023-06-27,Astoria,6,Tuesday,0,Evening,16,0,64,0,12,0,0,0,52,144
2023-06-27,Astoria,6,Tuesday,0,Morning,21,0,99,0,30,0,0,0,84,234
2023-06-27,Hell's Kitchen,6,Tuesday,0,Afternoon,2,0,51,0,17,12,0,0,29,111
2023-06-27,Hell's Kitchen,6,Tuesday,0,Evening,4,0,44,0,7,13,0,0,30,98
2023-06-27,Hell's Kitchen,6,Tuesday,0,Morning,31,0,152,0,28,31,0,0,143,385
2023-06-27,Lower Manhattan,6,Tuesday,0,Afternoon,16,2,91,2,11,10,0,2,59,193
2023-06-27,Lower Manhattan,6,Tuesday,0,Evening,7,0,24,0,5,3,1,0,20,60
2023-06-27,Lower Manhattan,6,Tuesday,0,Morning,51,3,220,4,33,34,1,0,171,517
2023-06-28,Astoria,6,Wednesday,0,Afternoon,16,0,102,0,15,0,0,0,72,205
2023-06-28,Astoria,6,Wednesday,0,Evening,10,0,72,0,8,0,0,0,36,126
2023-06-28,Astoria,6,Wednesday,0,Morning,14,0,113,0,16,0,0,0,106,249
2023-06-28,Hell's Kitchen,6,Wednesday,0,Afternoon,24,0,99,0,28,0,0,0,57,208
2023-06-28,Hell's Kitchen,6,Wednesday,0,Evening,14,0,44,0,13,0,0,0,34,105
2023-06-28,Hell's Kitchen,6,Wednesday,0,Morning,12,0,62,0,17,0,0,0,55,146
2023-06-28,Lower Manhattan,6,Wednesday,0,Afternoon,23,0,128,0,13,0,0,0,61,225
2023-06-28,Lower Manhattan,6,Wednesday,0,Evening,7,0,24,0,3,0,0,0,16,50
2023-06-28,Lower Manhattan,6,Wednesday,0,Morning,31,0,90,0,20,0,0,0,76,217
2023-06-29,Astoria,6,Thursday,0,Afternoon,25,0,105,0,25,0,0,0,78,233
2023-06-29,Astoria,6,Thursday,0,Evening,16,0,48,0,15,0,0,0,61,140
2023-06-29,Astoria,6,Thursday,0,Morning,20,0,87,0,24,0,0,0,81,212
2023-06-29,Hell's Kitchen,6,Thursday,0,Afternoon,17,0,89,0,12,0,0,0,52,170
2023-06-29,Hell's Kitchen,6,Thursday,0,Evening,10,0,47,0,11,0,0,0,32,100
2023-06-29,Hell's Kitchen,6,Thursday,0,Morning,11,0,82,0,7,0,0,0,50,150
2023-06-29,Lower Manhattan,6,Thursday,0,Afternoon,39,0,93,0,13,0,0,0,72,217
2023-06-29,Lower Manhattan,6,Thursday,0,Evening,10,0,21,0,7,0,0,0,16,54
2023-06-29,Lower Manhattan,6,Thursday,0,Morning,28,0,72,0,10,0,0,0,43,153
2023-06-30,Astoria,6,Friday,0,Afternoon,14,0,78,1,11,1,0,0,41,146
2023-06-30,Astoria,6,Friday,0,Evening,11,0,53,1,8,3,0,0,38,114
2023-06-30,Astoria,6,Friday,0,Morning,32,2,137,0,20,24,4,0,98,317
2023-06-30,Hell's Kitchen,6,Friday,0,Afternoon,9,0,31,0,1,1,0,2,20,64
2023-06-30,Hell's Kitchen,6,Friday,0,Evening,6,0,19,1,5,3,1,1,18,54
2023-06-30,Hell's Kitchen,6,Friday,0,Morning,50,0,129,12,25,36,2,2,104,360
2023-06-30,Lower Manhattan,6,Friday,0,Afternoon,13,0,41,1,12,8,1,0,29,105
2023-06-30,Lower Manhattan,6,Friday,0,Evening,5,0,15,0,3,2,0,0,15,40
2023-06-30,Lower Manhattan,6,Friday,0,Morning,40,4,142,7,29,39,1,3,125,390
